,0
0,8.17253806772
1,-72.4835092388
2,84.9263530896
3,-19.8594207447
4,1.70957135001
5,12.8188086182
6,74.2077538447
7,21.1197245082
8,-62.5331511735
9,36.7064416921
10,-8.7029927428
11,44.7490063407
12,-50.1900656686
13,20.4901121612
14,-59.8196565646
15,50.320577631
16,-11.3387830882
17,61.9244748503
18,2.25772263386
19,-63.1646110071
20,36.2913203207
21,10.8506582809
22,-66.1934206988
23,26.4900856899
24,16.6114475301
25,41.0112060149
26,-14.472282831
27,114.400887359
28,-49.4767273628
29,-43.9423491826
30,-53.460611459
31,-63.8566199836
32,53.6957603979
33,-38.6484093901
34,-7.56791829463
35,2.19083808611
36,-17.146753187
37,24.3530792537
38,8.95032095346
39,97.9866453925
40,-36.2799319012
41,-12.4194243199
42,-42.6620165024
43,13.404496511
44,-44.4970724609
45,-24.4678134997
46,54.6360562751
47,72.3059505729
48,-38.9311734675
49,-13.361365714
50,4.27827038381
51,36.8809528543
52,-19.0001985433
53,79.3724189624
54,33.8374199053
55,1.85013410848
56,9.00277759494
57,52.5759833105
58,27.6289223717
59,35.9820090119
60,-42.6396470474
61,29.3375510675
62,-18.6642553965
63,-32.8247011787
64,-11.6346635474
65,49.8645514557
66,-4.76837586206
67,13.9405188112
68,76.6630493815
69,93.0643259753
70,44.0241783547
71,51.7319936432
72,-42.9975022909
73,-21.5340201624
74,10.5832534682
75,-10.0301494051
76,62.3028624145
77,58.0054307683
78,64.3036955252
79,-14.7649607984
80,14.0752119897
81,26.92428074
82,-10.0824987988
83,-28.1005403822
84,-67.0691596487
85,-16.1702753728
86,8.52999668417
87,34.225114539
88,-24.4770410574
89,11.0900270888
90,-1.57986641727
91,64.7805891664
92,36.4860292314
93,80.5125068271
94,8.86248613615
95,-38.1761277354
96,-5.74094625694
97,-40.9107473205
98,-27.7191790916
99,42.5552425077
100,35.4077731199
101,25.0039508989
102,39.2972910913
103,69.5265185754
104,-44.6715506422
105,6.93817691648
106,-27.4558789342
107,-52.9697283713
108,-16.576029219
109,-33.0495963765
110,14.0614748421
111,66.5013816723
112,29.2895188643
113,-73.5517998875
114,1.78623435712
115,12.1640661087
116,-18.3264566095
117,15.2066086804
118,8.81540371441
119,29.4777949551
120,24.2527633565
121,-52.970648407
122,10.5652875134
123,-37.8876495426
124,5.07395013838
125,-40.5849176666
126,-57.9088731279
127,-19.3316227046
128,-23.3718936526
129,-11.1608454272
130,-18.6718932683
131,20.6347141795
132,20.1066850848
133,64.6208335115
134,34.5187247701
135,-23.4555515193
136,19.0880951937
137,-15.170881964
138,-45.262752352
139,-38.0327341827
140,23.9074400091
141,50.8975707915
142,-67.6102691762
143,45.5866412011
144,-45.00220938
145,103.288114277
146,52.6342488839
147,44.4599623396
148,52.6539060281
149,-37.1436294364
150,50.4677707558
151,81.4973911042
152,19.196455302
153,-94.4380077724
154,29.3345095184
155,5.23955212884
156,9.1534792724
157,-55.6927965854
158,3.83825826537
159,1.92667624724
160,-3.73318610263
161,-29.874327457
162,-7.21729122767
163,-62.2444179808
164,33.7399878181
165,62.9416973896
166,40.3988682924
167,-3.12433632877
168,-56.996004497
169,95.3658613934
170,5.19751735822
171,22.7838103849
172,27.2488858549
173,23.1906750126
174,24.6397513125
175,93.9393370562
176,26.0890832458
177,-60.6213726682
178,1.01872811733
179,20.8945033094
180,11.593844245
181,-24.4482912731
182,41.1026928513
183,-85.7370642104
184,-80.7037136175
185,0.906443716603
186,28.4094218897
187,-24.3841148669
188,61.481048476
189,-25.7745537707
190,21.3058076365
191,8.7039313223
192,96.0938425769
193,29.0658006381
194,-10.0140193274
195,-3.98544732405
196,48.7779023211
197,7.95498067113
198,1.98211553268
199,-11.9888685897
200,7.47988819694
201,13.3050574515
202,46.3801478731
203,9.39897160436
204,-85.7667839872
205,15.3348403874
206,44.0084890229
207,-10.7796733566
208,-5.98458835567
209,16.8807319019
210,72.3642075612
211,43.6185838978
212,-38.8421243941
213,-29.3807706217
214,41.1797882054
215,-56.0519882082
216,27.922311367
217,-24.9438582518
218,-57.6194852974
219,-65.8479089807
220,1.27026837897
221,34.1933600204
222,5.36584688357
223,-68.8117927966
224,-50.8000958731
225,48.1635915744
226,-42.13284668
227,19.1833988477
228,-31.246685937
229,2.91786624519
230,-31.958416932
231,73.2165277148
232,25.8807243294
233,34.8644353326
234,-14.9439119191
235,25.6809639038
236,33.3198383427
237,-41.5949864414
238,31.4563193583
239,31.1424494968
240,-41.8734505087
241,-13.7616438281
242,4.8768954078
243,-4.7292887486
244,-46.2990863993
245,5.16452116221
246,25.6611048075
247,-26.2296619946
248,19.5095119141
249,-75.9447007628
250,16.8320268679
251,36.0775192512
252,-6.48103302254
253,-75.9046361669
254,-11.4676824455
255,-15.6641189439
256,14.1206272612
257,-27.7315572062
258,7.02372014539
259,-81.6608863703
260,11.5652860737
261,39.2898730924
262,61.6330490149
263,3.79479218409
264,-67.6342283965
265,11.6423475145
266,43.6992978868
267,12.5056886215
268,16.8700563764
269,-17.7210488138
270,44.5547529937
271,93.2857144142
272,18.0396473932
273,-31.4605187398
274,-9.90478432751
275,-6.110534071
276,-56.8595170311
277,-40.4091223932
278,-42.810175794
279,-22.6775496164
280,-30.0384784217
281,-7.42970774861
282,-25.9986749437
283,1.15700829249
284,-26.2662274969
285,-59.5384507967
286,-7.94716152764
287,-61.1049403701
288,74.876499865
289,5.98174960304
290,21.253151257
291,23.8185976572
292,14.8780854125
293,-28.6131277144
294,-77.5732484804
295,-54.7610452987
296,-5.36695750318
297,3.60260117806
298,-11.6853766332
299,47.3438872502
300,1.66419196699
301,-33.6009601789
302,22.2581622909
303,-65.8415252934
304,-50.5241483928
305,36.0920029998
306,6.44257058997
307,72.2916013187
308,40.6745068462
309,18.8032011555
310,5.26559122754
311,12.0735403951
312,0.891302849254
313,-25.7810512997
314,-25.4120533806
315,-21.3907349406
316,-33.7928977854
317,-37.9765954832
318,5.78682037448
319,72.1603592761
320,68.9338444958
321,-32.1352299076
322,20.8974096751
323,-70.9072832459
324,79.8977282338
325,34.4143692857
326,64.8420931064
327,-19.8389322534
328,-92.1088426592
329,25.0868440595
330,36.1345388602
331,38.4086064349
332,83.82937804
333,-32.3710118413
334,-15.0021123166
335,-15.9056159585
336,-74.8226419071
337,-16.5873742366
338,31.2589838579
339,16.0360048586
340,36.8414508765
341,-27.0691400925
342,62.9494811438
343,-4.97706177175
344,33.4425237643
345,-15.8622577329
346,-25.7577367865
347,8.33382052679
348,28.2057655343
349,-18.8997033765
350,41.2658046848
351,-46.3520873946
352,88.4045418457
353,29.8957436445
354,60.8036302598
355,-5.25121873651
356,19.1161766599
357,-3.87070636107
358,57.4413495569
359,22.3546689926
360,-12.5843782333
361,-31.0327522722
362,19.006616872
363,12.9833949013
364,-57.9454009735
365,-1.4789970787
366,-29.377623192
367,-48.4501882912
368,-5.99843988631
369,-68.5830021293
370,33.6202591003
371,9.82476499955
372,106.825039896
373,44.8851014542
374,17.7417859759
375,8.82268599989
376,-55.5850603515
377,7.33492924173
378,-41.0070878924
379,-71.2858545284
380,-2.54799090375
381,39.9218826641
382,21.1796150093
383,-5.14558461076
384,55.6453574122
385,19.2618275098
386,-54.3195114751
387,40.567262419
388,2.21498324201
389,-0.31376921569
390,-23.65981633
391,-58.7603075425
392,26.5613051031
393,40.7660225136
394,36.1259140616
395,43.967889453
396,-48.4818136747
397,-1.88953181094
398,26.8037281021
399,25.4328338298
400,-8.92260861894
401,1.24965036701
402,-57.3729596476
403,-44.0473170603
404,-7.79365192196
405,-7.89445623373
406,5.06843360723
407,-78.7971743519
408,22.950719664
409,78.6696785586
410,1.45794878195
411,29.1587001281
412,71.5313240543
413,23.1367703586
414,-58.4546048816
415,-52.8269430045
416,25.9540861493
417,-33.6292291363
418,-22.8243833113
419,85.6063411605
420,-20.7766483664
421,-57.6443365527
422,-42.9723431479
423,37.8338654322
424,-14.1063676453
425,27.7465292628
426,-14.3086452155
427,33.6562933593
428,-27.8502022218
429,-23.1021984066
430,-23.6285703588
431,-38.779820836
432,-28.6816694823
433,8.81091728629
434,19.1669875885
435,-11.3157707398
436,30.2610471139
437,-30.0821519825
438,1.63751704241
439,8.12235097817
440,-18.6285518453
441,-51.5319083778
442,27.4146799792
443,30.8904564835
444,-0.5342337504
445,3.86286033105
446,-5.20339027209
447,-13.7313356771
448,-36.2940184302
449,85.636464556
450,39.1896690975
451,44.6762026212
452,-3.67636166451
453,37.7997027331
454,-33.4440823028
455,65.3152429225
456,-53.5531086056
457,4.10682521204
458,-10.6008172715
459,-27.2822181309
460,-1.27049527963
461,-53.8577801789
462,-0.61866299407
463,34.5740703777
464,70.0164739866
465,-27.132149469
466,-1.19399901583
467,-84.7712351479
468,-16.6383730419
469,53.0019527063
470,-9.83124412298
471,-6.27436284258
472,50.6592617012
473,30.0698517698
474,-1.59691205113
475,13.55528128
476,2.49882629695
477,39.6802050013
478,-19.1049605052
479,-4.67542067877
480,1.36558068771
481,-1.25773803406
482,43.6982914005
483,77.8046642892
484,31.2794166068
485,36.6187182197
486,-64.5900273836
487,-10.9624145707
488,68.8829711382
489,-38.714834337
490,-40.6797821473
491,-2.21726577172
492,-13.7109688706
493,-13.3475461857
494,-7.90663862981
495,5.447138994
496,-20.8624406226
497,-31.104170438
498,-43.7527334748
499,-5.99274509766
500,-2.72927760713
501,-23.9056073549
502,-1.89075478545
503,-4.63651068505
504,25.1904375101
505,-0.515264666669
506,-63.5580374186
507,-36.4751067118
508,-47.6520554539
509,11.9087081994
510,21.9202166472
511,19.2379898967
512,17.2525470113
513,-2.91196463034
514,8.5789873583
515,-66.2235698469
516,18.4190584148
517,24.2040326763
518,-20.5631277265
519,-59.7070178455
520,25.0645419258
521,71.2218663039
522,24.5869924648
523,18.4971667955
524,17.1120455381
525,30.5428035702
526,36.2476292504
527,12.8852662222
528,57.4844296009
529,-82.6495037906
530,1.54938860286
531,50.6359427213
532,95.6844783208
533,-37.1860229802
534,-13.1261765274
535,-14.2968155001
536,-53.0872413677
537,32.2111725411
538,-19.1607787723
539,-57.9404682021
540,-4.15951753287
541,-55.2484778946
542,-9.35957295588
543,3.17381066349
544,75.39397354
545,67.4647808605
546,13.1456063087
547,52.7436797993
548,65.9079901451
549,-13.9157115333
550,-74.3602609774
551,-26.7098374288
552,39.327013984
553,46.2645568154
554,29.220398852
555,48.1200716125
556,-29.3524838212
557,1.72625187676
558,37.3339234569
559,-50.1555037623
560,-11.2517692958
561,-16.8590902768
562,-8.68869469472
563,72.625077738
564,-20.6083065193
565,-30.8756845409
566,16.2083595057
567,73.087882157
568,27.9820171673
569,-58.0141037132
570,22.4773442029
571,2.10092242576
572,12.8513646628
573,-11.7590570496
574,-50.0292382264
575,48.7046851359
576,-15.6028666953
577,78.5896282558
578,-46.7171200758
579,6.14091505628
580,-0.326561522079
581,-78.6192806695
582,-24.8604106405
583,-35.2506641477
584,-12.4418016085
585,19.733801328
586,46.8096586923
587,-39.0820489031
588,28.3020569511
589,-29.4006304694
590,-11.2579450191
591,17.6958088554
592,-7.75945699606
593,-30.3997258054
594,36.1182828076
595,57.7414566349
596,36.7293270913
597,-33.3855144663
598,-7.39400755019
599,63.3190327152
600,-7.69111732479
601,11.8051368555
602,-53.6511185053
603,-20.5976467461
604,22.2466715809
605,-34.3851220418
606,-10.8152627904
607,9.41281660437
608,-32.7160075944
609,26.1026317511
610,-1.48948062499
611,5.66360751782
612,-6.5990092696
613,24.0695255678
614,13.6309305368
615,7.31830142315
616,30.2437414626
617,30.534891715
618,-12.1508816825
619,-40.0973093926
620,-18.8805020166
621,-36.2803939912
622,-24.3653502217
623,52.7639578739
624,58.8572011264
625,43.2248110492
626,29.4992875596
627,9.12981443352
628,5.09801074074
629,-36.0151612767
630,-26.9477237986
631,95.0025791707
632,50.8628174084
633,21.1914436656
634,37.1679267395
635,74.2406195059
636,-26.9356639914
637,-68.0993119177
638,-72.3622155391
639,8.25086665586
640,-41.9805397065
641,-13.835552384
642,18.6846263364
643,15.7771731191
644,-100.4835013
645,-41.5675256442
646,-26.8348219506
647,27.2732471188
648,-15.1766972128
649,-45.1137586112
650,-34.5812271809
651,-23.2059784131
652,-17.2955814951
653,-17.1702999333
654,-36.1229660664
655,-29.5394643259
656,47.4811018736
657,9.36891514479
658,-24.7885633835
659,42.9588153017
660,-48.1705763479
661,34.0973899478
662,-40.489912867
663,-3.28220974758
664,8.83258413598
665,-23.7970570739
666,91.1664952367
667,54.2442300349
668,-92.2215833078
669,31.6369493179
670,-25.887167896
671,23.5233703732
672,-69.5319003923
673,-51.6858063968
674,-17.9745228086
675,-71.5632583365
676,-28.8042302523
677,-16.7663985734
678,-8.34941960878
679,-25.4320760321
680,16.2234650092
681,-22.0744862666
682,-55.9725673385
683,-11.6482885694
684,50.5314355997
685,-45.2151350962
686,55.5612198641
687,-1.3729706413
688,7.37683931516
689,-26.966782688
690,-5.78911314014
691,63.695880909
692,-25.4983340894
693,39.5478053898
694,-31.9085883478
695,48.6584993165
696,-22.9082241857
697,3.69103075475
698,-72.248123683
699,-20.0734268229
700,51.0626824761
701,20.1491348678
702,19.0807281335
703,21.8236169128
704,18.493466267
705,37.7755786416
706,-6.27222232965
707,2.76629914936
708,101.726618509
709,81.4729441721
710,-58.941587813
711,5.1451036193
712,-35.126889495
713,-1.57411078592
714,16.9603269057
715,13.6488692369
716,73.6228418619
717,10.3226480685
718,-17.2223233701
719,29.5967601508
720,9.44085796646
721,20.2862468168
722,0.23265067573
723,43.040700729
724,-38.7799539033
725,-19.3396423873
726,29.4689506202
727,-47.417514914
728,-49.5030241957
729,74.8160849877
730,14.802780047
731,-13.6873991593
732,13.9207369509
733,-7.26623544391
734,80.0832244445
735,32.3315944489
736,41.7648350868
737,-48.184342023
738,-52.6980168722
739,-8.93187550919
740,23.8531361455
741,-23.1332047474
742,-0.556894057014
743,-28.6744157489
744,29.2098306568
745,-43.3465041131
746,38.5989258007
747,17.8087550053
748,23.1458315271
749,-0.467604618564
750,30.5777241919
751,19.6249314382
752,-74.709423427
753,-77.7977893981
754,23.8437379607
755,46.5330367258
756,-52.6297637916
757,-7.67821402855
758,-60.9592753698
759,-61.6668827738
760,48.7796153501
761,-10.0845691013
762,52.6785175176
763,27.9362921856
764,-11.1184564639
765,-8.68674361095
766,28.8231221951
767,-19.0279086767
768,9.44370173959
769,31.9912421622
770,58.4985561405
771,13.967016579
772,75.805570733
773,-8.30542724523
774,-23.8748597155
775,69.3142506968
776,-80.5266710395
777,27.492116109
778,28.4568326756
779,41.8803225417
780,-27.4698728697
781,-36.1031672614
782,-68.3123434485
783,-47.2611133231
784,27.1937431771
785,20.294744985
786,-39.7973021111
787,-11.214158622
788,15.3044118709
789,-1.08271085932
790,-6.63319209358
791,14.8369071304
792,31.6095101118
793,6.94038801636
794,-14.4211023058
795,-3.44214770209
796,8.50954081164
797,52.3457140351
798,38.9841985946
799,7.59250274148
800,49.9592153608
801,34.279547892
802,-0.873191231729
803,-40.6104756187
804,-0.60777740481
805,25.4160120385
806,42.8249603149
807,28.7720652696
808,-57.3354495475
809,-13.0948886282
810,13.2202449897
811,-21.4953670226
812,11.333357692
813,-39.7623803623
814,-5.16837905252
815,92.4681956172
816,16.3618520716
817,43.4762421557
818,-19.5923632703
819,1.19851836539
820,20.6071377229
821,14.8671268421
822,-45.3780964884
823,104.47678718
824,-23.2717156027
825,-14.1672065156
826,-53.2103919907
827,25.3801601006
828,-76.6647089823
829,-64.2485331206
830,9.06659190728
831,29.6927025897
832,27.4763983167
833,-19.782354176
834,1.67413753776
835,29.801132605
836,7.20336065725
837,47.9360866742
838,52.7516434183
839,18.9755848712
840,-40.0257120644
841,70.3026226423
842,-21.6804321298
843,6.52507226834
844,15.392669696
845,-15.5685109161
846,-73.4058216492
847,-44.4129424079
848,7.53190066473
849,43.7852166995
850,49.9255321106
851,-38.1476200211
852,24.497251073
853,41.5483157815
854,-27.6593610977
855,0.222832550236
856,-23.654598068
857,9.83096588848
858,-10.6074637241
859,15.2896958326
860,73.801364588
861,108.298850997
862,47.0323360495
863,44.5507174115
864,-35.5334198939
865,18.1581998124
866,15.8728379922
867,-5.40445866921
868,5.56475255844
869,79.7809857701
870,44.2228122595
871,-48.581549789
872,-8.28283584236
873,64.8254113837
874,-12.7815929777
875,21.1477871792
876,-51.7834956623
877,67.6001329056
878,105.034545503
879,-28.2766976719
880,-64.4742758735
881,24.0476861166
882,48.3582513757
883,1.90012088919
884,19.6483702097
885,-11.2008663809
886,54.7240908128
887,5.50256989117
888,-21.1036404291
889,58.149718886
890,-49.5972509011
891,37.1040348421
892,19.9203322559
893,-18.4092501687
894,12.4650451323
895,-39.7915579317
896,-4.36247709122
897,72.267965554
898,67.5993525114
899,-4.3085069597
900,-61.1180419532
901,-65.7600371673
902,-32.5218007698
903,55.8291320274
904,-2.93849949778
905,85.8070698547
906,40.0277950906
907,35.261986727
908,-1.68542597639
909,59.4347458155
910,-38.4509151127
911,49.1980359833
912,-0.260182508586
913,-37.1468842771
914,25.2905850339
915,9.37568379697
916,20.1868175864
917,67.6361865629
918,72.9307478266
919,28.2952002058
920,63.3048112504
921,-20.9953879843
922,-37.1073292121
923,13.7580410898
924,71.7919312703
925,13.8082829409
926,73.0325453838
927,-48.1100811234
928,-15.254157632
929,-32.8076751223
930,77.2303754306
931,-35.8461598132
932,-7.16516280943
933,20.7567960782
934,-26.0060596285
935,58.4283666137
936,0.120115714098
937,-90.5510193435
938,-64.5550963371
939,4.8164151222
940,-10.1645203428
941,14.6895925638
942,-14.4049944782
943,12.8284089824
944,-21.372033383
945,43.3523499807
946,69.6652469313
947,-30.0629091237
948,12.2303019156
949,3.76660251644
950,46.4832365643
951,-75.0152561758
952,-0.930239768783
953,-26.3054221723
954,-1.59182877012
955,-0.740445803918
956,46.213800139
957,14.7260242344
958,48.7251430168
959,20.5260035032
960,-54.1278587946
961,-16.9352328858
962,7.95595654221
963,-37.241801306
964,20.099584751
965,-1.68788599509
966,76.0430430404
967,24.5600282301
968,30.9124460851
969,41.3106088799
970,1.99232609344
971,67.7434378798
972,-41.5951395308
973,-8.7225198538
974,-20.6448360291
975,38.6316726289
976,38.4058819916
977,-6.53395629164
978,2.94004734238
979,30.6179267825
980,-19.3482957493
981,-5.08863790468
982,42.9105928659
983,-45.6401719081
984,43.864343907
985,30.6536571965
986,-38.7928447081
987,-31.2988008266
988,-9.2473135778
989,14.7635180605
990,3.33980574779
991,94.5939414498
992,-10.9169061118
993,65.1106657548
994,22.510902532
995,57.6103572339
996,13.7346844549
997,42.143111458
998,43.0019869723
999,6.62074578894
1000,31.4440063418
1001,17.9256738519
1002,-2.33750846428
1003,27.5447474035
1004,-1.87237262805
1005,31.9951582195
1006,-0.460221772036
1007,47.574479119
1008,-49.0377771859
1009,11.7989167399
1010,-65.6192036432
1011,7.37657085923
1012,-38.5945566677
1013,-30.5261765276
1014,20.0510137529
1015,-52.0039798157
1016,44.2155139143
1017,-23.252056629
1018,-41.5964757227
1019,56.2722229323
1020,-0.938982435003
1021,77.3905003056
1022,0.0462085822078
1023,-76.7494717321
1024,42.8589727876
1025,20.1433575463
1026,-14.862712159
1027,-5.15405524614
1028,-19.3808582849
1029,-24.3296391276
1030,-13.2246772251
1031,-20.4042425953
1032,50.1144564109
1033,-50.8896422464
1034,28.4781241163
1035,0.854175740232
1036,-16.7172713512
1037,-34.1239822029
1038,74.3875021625
1039,-44.643541404
1040,-2.00252859033
1041,51.7865686931
1042,53.066152809
1043,74.8634190529
1044,8.06108506721
1045,50.8265870485
1046,-23.6973792303
1047,19.842692002
1048,-73.4954394095
1049,-59.0028092929
1050,-39.6845491736
1051,73.7419523303
1052,58.4068373534
1053,-16.8760263031
1054,88.3830105213
1055,-44.2840797842
1056,-76.1501433763
1057,18.0823009152
1058,-75.8463068821
1059,-7.66595684672
1060,14.7779373248
1061,32.4505737639
1062,13.8260655616
1063,27.3117944589
1064,-9.65377417471
1065,76.2808475072
1066,27.3425820436
1067,-37.872962298
1068,-15.6970979858
1069,22.4842214158
1070,61.4939721725
1071,39.0136938953
1072,13.0363991718
1073,-19.1008964332
1074,-22.9247043032
1075,40.5998300969
1076,26.1983796727
1077,44.1783489566
1078,-7.08421624741
1079,54.6668146174
1080,52.3152606431
1081,-56.0160894652
1082,-26.2186611904
1083,-2.70495416696
1084,24.9693619566
1085,40.2270890549
1086,-3.88568880031
1087,-11.7252425385
1088,46.3969473657
1089,18.0534561827
1090,-4.67380728878
1091,-59.2933279904
1092,-8.61084046269
1093,-57.7992330853
1094,70.3051430855
1095,-65.5947492305
1096,-33.4636008435
1097,27.906204565
1098,-51.2777674325
1099,18.1177684017
1100,7.99179369031
1101,20.0744466842
1102,-0.981422261133
1103,11.4165486175
1104,21.2996782843
1105,20.6548351234
1106,35.1517293253
1107,-17.8082182348
1108,-9.11455047087
1109,44.721919449
1110,46.0818895581
1111,51.4221644164
1112,-50.4089350179
1113,54.2498700538
1114,53.1385102334
1115,-23.4002944693
1116,-2.38232490061
1117,20.8570077306
1118,-8.81661578916
1119,-49.7687480173
1120,-13.5552875126
1121,2.24636429911
1122,-35.4660667883
1123,-3.59882203199
1124,-28.6192685908
1125,0.504236445643
1126,46.9327283325
1127,26.0815069304
1128,5.86208737416
1129,-25.1490095231
1130,16.9187607575
1131,51.3919956715
1132,30.417163341
1133,-25.7678064485
1134,56.471872505
1135,17.043974764
1136,71.3671923185
1137,-3.88770609615
1138,18.3101733055
1139,35.5830503957
1140,45.496183691
1141,-20.8271084541
1142,-38.5074136752
1143,44.8218770095
1144,70.0264425047
1145,-47.9666317704
1146,58.4698746389
1147,-34.9828806655
1148,-20.6586838346
1149,-26.3051847746
1150,-48.7691381251
1151,44.6249392632
1152,-13.6699331725
1153,73.5266913117
1154,-16.0845027238
1155,41.7436232845
1156,24.0720380824
1157,-21.6416813755
1158,-30.8519155576
1159,17.5390235205
1160,10.0695605566
1161,-29.5499462789
1162,-90.072307926
1163,-84.1615845781
1164,35.7130165778
1165,24.7637970687
1166,-22.7589217947
1167,10.8262786376
1168,-10.2637329111
1169,11.821129195
1170,47.8436125105
1171,71.4664827028
1172,1.05875183267
1173,3.66126002635
1174,-57.4334696106
1175,-31.7705521568
1176,29.3560710494
1177,-8.24515630927
1178,22.8489654261
1179,-59.8321871962
1180,-1.09079517123
1181,13.9011891877
1182,-23.9952062879
1183,-35.3942587909
1184,10.751983245
1185,5.05173207704
1186,-16.5360523804
1187,51.1209954613
1188,53.4786593985
1189,6.17976447824
1190,-8.92570121248
1191,-9.83306778826
1192,-38.0647595597
1193,-1.96033371417
1194,9.38999757457
1195,71.1731549294
1196,-26.4678630664
1197,-26.5945905331
1198,-42.316848687
1199,-33.6037196243
1200,-11.9806520129
1201,29.118242474
1202,23.9322580358
1203,3.975296958
1204,65.2361703836
1205,-69.2834204399
1206,2.10185512887
1207,-45.8582294444
1208,41.0031390994
1209,17.7174812613
1210,16.643742253
1211,9.25637509421
1212,7.94861432633
1213,-3.85089709459
1214,-7.74042131417
1215,47.0568581021
1216,18.1121053523
1217,52.719964522
1218,17.6531997196
1219,-18.0378722734
1220,-18.7675440202
1221,2.47351858209
1222,-28.6610093902
1223,-10.09502138
1224,-27.9256297065
1225,13.0770111629
1226,65.8126334428
1227,-17.6432321841
1228,89.5889335004
1229,4.49756887309
1230,0.264582962798
1231,-57.6860215092
1232,18.947082046
1233,-64.819613185
1234,24.4115888392
1235,-13.88983839
1236,-21.2449753719
1237,10.7043527593
1238,19.431643774
1239,12.8499066831
1240,20.8619670245
1241,-86.6728794138
1242,-40.6093632925
1243,40.3031472479
1244,3.90307932993
1245,-88.1481437221
1246,-2.13958076356
1247,-46.376783748
1248,46.9699165704
1249,-13.331306981
1250,74.6929841597
1251,21.7609351482
1252,54.995310428
1253,-16.8776008466
1254,19.0399766561
1255,-70.4719133706
1256,-52.9714452519
1257,-5.40439304085
1258,65.6178455658
1259,-46.3462059895
1260,9.63730813698
1261,-64.1120939496
1262,4.35634199698
1263,10.8271238939
1264,-27.0317668408
1265,-9.25282566288
1266,16.3528650427
1267,81.5977120221
1268,77.6991204959
1269,14.0245400671
1270,-26.7288442007
1271,2.14340763831
1272,43.6440273082
1273,76.195325953
1274,-5.27610129786
1275,-30.7461546419
1276,19.2271536317
1277,10.49325773
1278,-11.5743758558
1279,-75.5871758267
1280,10.5216929476
1281,47.8886330906
1282,7.65952719824
1283,8.32662580272
1284,14.7303344479
1285,-71.1028845583
1286,-12.5024166731
1287,64.1951249931
1288,39.58300804
1289,-81.6192764305
1290,-21.4566786949
1291,15.477879506
1292,-14.1911471807
1293,-36.9827013626
1294,13.3613352312
1295,21.2212475926
1296,20.0787018925
1297,20.8823338907
1298,16.098903128
1299,-9.61936051675
1300,23.5892243001
1301,28.0817170385
1302,-40.4086003566
1303,-10.2032176519
1304,38.0246235534
1305,-59.5463937088
1306,1.24164471291
1307,68.2388529866
1308,0.0302536274841
1309,73.5665990023
1310,-49.0678278953
1311,-15.3470897082
1312,-7.4265695468
1313,54.6486666466
1314,-56.1282802879
1315,-4.3851249322
1316,-36.5456564947
1317,-18.8950493318
1318,-33.6623814523
1319,-15.7320889794
1320,13.2650502452
1321,-26.7701359498
1322,-47.073693205
1323,-44.9882922802
1324,-12.8565894966
1325,-61.3125654947
1326,78.0924575915
1327,-1.37928990875
1328,12.1969018449
1329,12.6045295747
1330,-23.5944970821
1331,-49.935722769
1332,90.1495248927
1333,-16.226634595
1334,-68.7339080933
1335,-0.640780611661
1336,43.3945953965
1337,-2.69634152433
1338,-17.3587613408
1339,-3.31778346299
1340,9.73940770299
1341,-18.7061735439
1342,54.013577656
1343,13.1046595333
1344,21.7330003669
1345,24.7074796949
1346,-11.0327371685
1347,-36.1084018119
1348,-22.700809276
1349,28.577710856
1350,5.43000053923
1351,-76.7502955977
1352,3.66115501582
1353,7.20750744609
1354,10.3951011838
1355,-9.19031096161
1356,-5.88845330441
1357,-6.24922751835
1358,12.0237247601
1359,10.3006811543
1360,15.1763982895
1361,26.486188356
1362,24.7983264065
1363,-42.6204158252
1364,-66.9836801675
1365,-31.6394993592
1366,69.8894288887
1367,-52.2084255717
1368,-25.2269068776
1369,-67.4427673588
1370,30.8419273818
1371,-67.7973581187
1372,-10.6638297411
1373,-11.8298736768
1374,28.4149038999
1375,34.8474501601
1376,-45.7405602822
1377,-7.2365351431
1378,24.4646893954
1379,-49.8435580487
1380,41.8318471888
1381,-55.5509026686
1382,-3.14435151139
1383,22.2240638057
1384,-8.7124415857
1385,27.8834448989
1386,-17.4971466709
1387,-59.6058039839
1388,-14.6752962833
1389,29.8605860406
1390,-19.6952428176
1391,-62.6131723037
1392,26.3025067134
1393,-50.557483573
1394,-7.75797498804
1395,22.3592756743
1396,54.2734470431
1397,-95.1613118904
1398,42.0997320212
1399,20.4120770537
1400,-47.7226901901
1401,-10.8752391363
1402,16.8129683547
1403,29.5198817881
1404,-16.2333255706
1405,-8.48183342142
1406,51.2304529782
1407,-50.4934745076
1408,-67.1845327574
1409,-14.3762654987
1410,12.5999218195
1411,15.0068328053
1412,72.2636159386
1413,28.6526754094
1414,58.4422689971
1415,-38.8628230377
1416,41.6299508446
1417,17.4817062189
1418,-3.3299871753
1419,-84.9279650043
1420,19.3822479827
1421,-0.970891702963
1422,-18.1801629875
1423,13.2176437533
1424,34.9461337759
1425,-94.2402442614
1426,8.22733844127
1427,43.4395198974
1428,-9.84085915115
1429,-7.93489476213
1430,-25.8381184798
1431,-30.5534163618
1432,-22.7112387285
1433,-1.97422070299
1434,-53.1245083677
1435,-31.186622392
1436,59.2084190548
1437,18.8142649853
1438,9.51309505463
1439,0.555413223058
1440,95.3671351154
1441,5.55156954469
1442,33.9150602087
1443,7.34777406637
1444,-0.894001535186
1445,62.6330101106
1446,-0.810077584136
1447,-26.2998004879
1448,25.1847368725
1449,-4.44654318638
1450,-69.4916803609
1451,-24.1688127539
1452,29.5455360133
1453,23.8643538339
1454,22.1438609144
1455,-0.612580347682
1456,-59.2348064821
1457,-36.9208038503
1458,21.6215512476
1459,-24.5387779709
1460,5.7705782928
1461,-30.4918966168
1462,13.6711234827
1463,-58.5934978906
1464,8.16951957445
1465,-6.57018328911
1466,-25.8734059261
1467,31.0959405299
1468,54.474527222
1469,-18.6809126805
1470,15.4201188522
1471,2.50878797691
1472,59.2731011444
1473,-26.0250021914
1474,-0.632118372778
1475,-15.1453654868
1476,-24.9492632132
1477,-31.3839859715
1478,-46.336853361
1479,15.1008205117
1480,30.5679904527
1481,52.9528870971
1482,-17.932864935
1483,78.9649821852
1484,50.1706003037
1485,-53.8783099575
1486,-1.62392482317
1487,29.8237144251
1488,14.8713289765
1489,2.07143844131
1490,42.423876932
1491,52.3680855298
1492,-45.5791347447
1493,-10.1486281364
1494,-13.4300346817
1495,-62.819041826
1496,71.881687792
1497,14.1184463971
1498,84.4299126697
1499,-51.0551298587
1500,15.859028011
1501,-43.9003055808
1502,47.0862779434
1503,-46.6769881787
1504,19.63913624
1505,26.1499049603
1506,1.03346554648
1507,7.90901665803
1508,11.1499605336
1509,-63.7632975915
1510,-101.507126648
1511,38.1411089912
1512,18.1826060691
1513,-24.8586411027
1514,25.3955310963
1515,-52.365558225
1516,-25.6742641425
1517,-2.90479343586
1518,6.34657334252
1519,46.3361326452
1520,51.8928040565
1521,-37.2380632978
1522,92.1635704733
1523,54.0340448841
1524,7.46437051465
1525,-48.8850802246
1526,50.3286288514
1527,28.2187658697
1528,-14.1421893487
1529,-84.9556674677
1530,68.1947353209
1531,-31.5756589036
1532,-19.9436678566
1533,57.7394672635
1534,-19.2800473183
1535,37.6961531526
1536,23.7166483073
1537,-44.6477051121
1538,14.7196262013
1539,76.6172631482
1540,-25.5472006739
1541,-16.4635540041
1542,96.3629420276
1543,15.1625288367
1544,-37.1815426099
1545,2.08452839218
1546,-25.8225323224
1547,-0.406358967397
1548,-35.969451958
1549,41.7724287013
1550,35.2374671366
1551,-24.7353043978
1552,28.8006560576
1553,27.7487504085
1554,-0.8703900034
1555,60.5643937349
1556,-30.7725656931
1557,-45.6877881723
1558,-63.7596304481
1559,23.9354049926
1560,-46.5768777653
1561,-69.4139245296
1562,39.2810096638
1563,-16.4911481009
1564,80.3208516054
1565,0.740416620078
1566,-21.2424850062
1567,-61.4212244472
1568,-68.3802777022
1569,-49.4839018516
1570,-30.0106039266
1571,-6.00852742147
1572,3.96040896477
1573,101.863043342
1574,18.2129083608
1575,48.4220190364
1576,0.446713139005
1577,40.7143309915
1578,26.7696056233
1579,11.7843383157
1580,-32.9462739858
1581,57.2030740675
1582,-10.2823471613
1583,-18.3632229278
1584,37.5706356864
1585,-54.9609316221
1586,11.3326699007
1587,20.5813733419
1588,-5.96357187978
1589,-30.6952838537
1590,52.4537217289
1591,37.6894255219
1592,-54.8945895677
1593,45.3231807393
1594,2.95583685101
1595,8.00506244205
1596,29.1436269473
1597,79.0737849384
1598,64.0046894527
1599,-23.4888380606
1600,40.4416139719
1601,32.3371552493
1602,23.028743174
1603,-38.7570274294
1604,-40.2361666458
1605,48.6322275335
1606,22.5089465102
1607,22.0671094671
1608,45.7319963318
1609,-70.3867800167
1610,-37.3749938827
1611,3.78966009184
1612,54.7098441086
1613,-29.3823139905
1614,39.8019394473
1615,-54.3220829043
1616,28.9660969583
1617,-2.25953093528
1618,-18.9972387919
1619,15.2635753199
1620,64.5613190006
1621,-41.0026693046
1622,33.6545517731
1623,-3.73072249797
1624,22.6593611614
1625,-10.8663880456
1626,87.0051212902
1627,63.8332784591
1628,12.8386594058
1629,-73.0829218367
1630,-49.2505397467
1631,-52.3874087339
1632,79.1488741899
1633,42.406278725
1634,-58.2142917292
1635,-10.9474041059
1636,66.8416457517
1637,52.1995430323
1638,20.776377461
1639,54.5942596768
1640,1.35053211306
1641,24.2957506424
1642,-62.7374231646
1643,-13.8338394446
1644,21.7591654451
1645,-59.0801507738
1646,-18.7393966022
1647,-49.9598292923
1648,5.09679945419
1649,-20.5681080814
1650,64.7857756115
1651,25.5273387935
1652,-48.6618394103
1653,-20.7522102047
1654,6.0391197895
1655,-2.73674556431
1656,31.4007718681
1657,19.934314267
1658,15.8825512625
1659,-57.9259739682
1660,-28.0096075433
1661,24.2240175309
1662,62.4053656411
1663,-54.3383317642
1664,6.84053735083
1665,-47.2623112302
1666,-15.8383893418
1667,3.75619692132
1668,-27.3868774254
1669,68.3330848444
1670,-29.3850141843
1671,-1.07190062781
1672,40.9140467926
1673,27.8458615415
1674,-48.1409196774
1675,32.1160484277
1676,-11.6486880172
1677,0.448289838322
1678,28.9709280424
1679,-17.0432476145
1680,32.5464784987
1681,-27.7757620142
1682,-30.2161490706
1683,-0.444942946121
1684,62.7428876177
1685,56.2784060237
1686,-60.132754321
1687,-34.7885645085
1688,38.4430269763
1689,35.2008930527
1690,20.6853520609
1691,-3.87676730266
1692,9.02269151562
1693,-1.6395605347
1694,44.2528728021
1695,15.8359104682
1696,-66.8720630861
1697,-15.0302953421
1698,12.9765203268
1699,-3.91266126281
1700,40.4295706849
1701,14.1087355981
1702,-14.2214552752
1703,21.8576722514
1704,-46.2295154134
1705,-56.9184063809
1706,29.6402506805
1707,68.8668768039
1708,-25.9327397396
1709,63.6623119954
1710,51.2284722845
1711,-40.0538600142
1712,22.2202953867
1713,-76.363508284
1714,-14.837784463
1715,4.47317934664
1716,63.7625526895
1717,78.258774115
1718,-42.9536023244
1719,46.8921615196
1720,57.9580447755
1721,53.3203055785
1722,14.2324873303
1723,0.00564021176308
1724,14.3079779181
1725,-16.39862877
1726,24.4508858205
1727,9.25833514827
1728,-24.3181371798
1729,15.7685530817
1730,79.9969862693
1731,12.5823921606
1732,48.7222302411
1733,-36.5258178967
1734,13.3127288877
1735,-12.9064617817
1736,38.5269495209
1737,-10.9702636391
1738,62.4742214119
1739,-64.0943744367
1740,-66.9316157301
1741,-4.25999208839
1742,87.8139200554
1743,-71.9792900386
1744,-30.6598218688
1745,64.0880173693
1746,5.93684492697
1747,-11.0226416438
1748,21.6918503432
1749,-3.31676026453
1750,20.1233117757
1751,-7.5744133047
1752,-13.8798276409
1753,-20.9461510987
1754,10.8468301325
1755,-16.3969985668
1756,-9.76182511179
1757,-59.3542587434
1758,-31.4306294256
1759,30.8947208234
1760,-38.7321609034
1761,-53.5102709813
1762,24.2511587483
1763,63.1790835703
1764,2.26158113082
1765,-8.60216581525
1766,60.5031440037
1767,58.2984564513
1768,33.3475316888
1769,-1.34770990378
1770,49.5365784013
1771,-23.0312723695
1772,-19.4239623415
1773,47.3461612278
1774,-55.2575989958
1775,25.0081594612
1776,15.9080717734
1777,7.29263400089
1778,-23.8102447591
1779,-39.4783073808
1780,12.3041388273
1781,-29.3623874661
1782,17.9476686819
1783,-0.281860622107
1784,-32.1077437179
1785,19.3481920915
1786,6.05185475763
1787,-7.5507514497
1788,47.1014797576
1789,-0.907236091391
1790,15.057263435
1791,-50.3481425793
1792,-16.7681491748
1793,40.2444369589
1794,23.6983545875
1795,19.3917784689
1796,-40.9675801846
1797,54.2443795535
1798,72.7734033845
1799,-14.4500099874
1800,57.0854156498
1801,-35.6012475551
1802,8.42853382877
1803,-25.0921015386
1804,-89.1490174646
1805,-53.960504389
1806,54.1027943159
1807,-4.02334257617
1808,-84.13174735
1809,14.3563318356
1810,-31.1315998305
1811,34.0446119453
1812,1.83964793336
1813,-42.5455379168
1814,74.5280620604
1815,3.957987445
1816,-33.288912652
1817,19.328010996
1818,-3.90249776052
1819,20.750887146
1820,-44.5883477948
1821,36.2798378859
1822,-31.3598567984
1823,2.39326807469
1824,8.31823798858
1825,-33.6976748696
1826,10.0969490201
1827,-21.9171279216
1828,16.967262329
1829,50.0031921635
1830,-11.4417926778
1831,-14.6405046097
1832,-21.1499172221
1833,26.0798825453
1834,82.9214860024
1835,-46.2267548054
1836,8.47563655419
1837,9.82073724692
1838,0.270026140716
1839,45.6814432644
1840,-42.724455732
1841,-38.5331545278
1842,3.731431427
1843,0.397494271078
1844,21.6628383083
1845,38.3158269281
1846,18.7034469255
1847,3.46431325731
1848,32.5288610772
1849,7.63829833069
1850,26.574610347
1851,-45.8617818178
1852,22.8060710218
1853,-6.12547869333
1854,6.69211440481
1855,-34.7300142298
1856,87.3637124264
1857,7.4573810968
1858,-44.0305866712
1859,-26.1170248377
1860,23.9897305155
1861,5.70198294538
1862,-11.4263692485
1863,-3.05460997236
1864,-15.6110135084
1865,23.6845981228
1866,-13.1030863516
1867,13.4874416202
1868,11.9038991064
1869,56.8111002691
1870,40.3176669169
1871,-60.2145406133
1872,8.76557792378
1873,-8.38685851819
1874,22.0391332091
1875,-38.0261689861
1876,-29.3362794134
1877,42.3631072021
1878,4.07321542871
1879,-24.2692530819
1880,-52.4498676897
1881,46.4399098258
1882,-6.52989069528
1883,77.9523076909
1884,-32.0813956174
1885,12.1909311733
1886,-17.7515037251
1887,27.1069717914
1888,-15.8228334056
1889,-37.6801581511
1890,12.7912807343
1891,-30.09784382
1892,-19.6398724436
1893,-4.27176501717
1894,25.8575160626
1895,37.8697234458
1896,-33.6655034013
1897,31.4729223867
1898,62.4397139734
1899,-19.4776981995
1900,8.76110319015
1901,-26.1863790186
1902,-7.93854764275
1903,30.8299877167
1904,3.69905046161
1905,1.73041961279
1906,-71.7859454977
1907,1.54660018923
1908,24.6892181097
1909,58.5500592516
1910,-77.1717869758
1911,39.805932258
1912,-40.3799350361
1913,-43.1466616551
1914,25.3397817279
1915,-27.7837437069
1916,-75.5857019164
1917,-24.1452117481
1918,-2.44456735718
1919,-18.9830245844
1920,49.187635385
1921,-30.8281224631
1922,40.7297909714
1923,-62.7683700927
1924,-26.4282360666
1925,-50.5792354963
1926,45.3540628809
1927,53.4182594934
1928,-3.68648290986
1929,-13.6984734464
1930,79.922225282
1931,-35.7278346883
1932,3.3582367347
1933,-28.9350594206
1934,-29.9626652538
1935,54.1199515455
1936,-28.8296009825
1937,31.2430463715
1938,-31.6826113406
1939,48.2799284935
1940,47.6832041422
1941,-40.159853167
1942,38.8793028587
1943,47.5789065335
1944,-88.3502453731
1945,48.6793378166
1946,-33.5208751003
1947,6.66122706811
1948,22.8424025542
1949,-26.0453345996
1950,41.5566745687
1951,33.9645943369
1952,-17.4783608641
1953,43.2685010795
1954,87.9213110567
1955,-17.0812537527
1956,38.506191939
1957,45.0845878752
1958,29.5296527628
1959,-35.1789531239
1960,52.868813455
1961,-28.5926637732
1962,9.86979960171
1963,-29.492685823
1964,-4.71269357776
1965,0.661157004283
1966,22.9423402484
1967,12.7318597649
1968,55.6601524826
1969,11.4106052141
1970,63.0074134122
1971,-27.3670929575
1972,14.9786253582
1973,41.6731175165
1974,38.6430797645
1975,-26.4946788915
1976,-67.2710461204
1977,-18.656401681
1978,65.9024814335
1979,28.851154375
1980,-26.3792258121
1981,-48.1846445568
1982,-4.02683663129
1983,10.0871024053
1984,-31.7135588707
1985,25.1325045517
1986,-24.4891029777
1987,13.2460543247
1988,22.5462490281
1989,7.228486047
1990,-11.3712300435
1991,15.0255362093
1992,-3.78091800275
1993,10.7428838908
1994,-15.123762043
1995,-44.4016164485
1996,-41.0453757324
1997,-34.6892599297
1998,38.0425038916
1999,-33.5665524867
2000,-22.201060211
2001,84.7120752743
2002,28.2311811096
2003,28.427564095
2004,-27.5643695148
2005,-44.6539593159
2006,9.51289860885
2007,-38.2232911154
2008,31.7017749783
2009,-22.1440361017
2010,12.6953375093
2011,-71.7073253149
2012,-43.6031725942
2013,9.12023957951
2014,-4.27150927328
2015,2.33656869186
2016,-57.9776172973
2017,-28.7583334235
2018,29.7401046471
2019,9.26552815134
2020,-24.8919582187
2021,33.8150927235
2022,49.926721197
2023,57.3632254747
2024,-37.9139699434
2025,27.0458593005
2026,-29.6207435506
2027,-0.562502854398
2028,48.1196899175
2029,-58.5164440753
2030,30.7265978166
2031,34.7106472461
2032,3.16816011954
2033,-22.3279223668
2034,64.8088967591
2035,11.5430645353
2036,32.7557208414
2037,-11.8312305414
2038,-39.5127392089
2039,31.4115468199
2040,-48.1989522103
2041,-14.1144837227
2042,64.150490603
2043,24.6661227834
2044,-81.8819992452
2045,3.51644732688
2046,51.7284589025
2047,0.771249124523
2048,43.9579192458
2049,31.8438889876
2050,31.9773635632
2051,46.707698641
2052,-13.4785783335
2053,10.544369733
2054,9.22963864887
2055,-31.4627184856
2056,-49.3048051442
2057,24.2889616438
2058,-2.8753453248
2059,-46.1015876264
2060,-32.7358767147
2061,-53.3216617483
2062,16.0299576879
2063,1.85812100529
2064,-88.931103502
2065,21.3178436179
2066,-8.03942399279
2067,-21.3381627599
2068,-15.8147266362
2069,79.1680452466
2070,-23.4393941718
2071,-3.73929371205
2072,16.4344491488
2073,16.224247953
2074,-1.25243297491
2075,58.0592307589
2076,1.79865412143
2077,16.0472490144
2078,20.1871746233
2079,30.5322507351
2080,-46.7574809948
2081,66.7627145628
2082,-35.3181364398
2083,-44.7195078888
2084,-56.6604132698
2085,-49.0795869425
2086,-1.26909856235
2087,43.6427802581
2088,-33.9700862648
2089,39.1416334463
2090,-7.05817833581
2091,-36.0460934871
2092,-1.96778804075
2093,24.863728362
2094,15.639730118
2095,4.5555652344
2096,33.3883653508
2097,-40.4661795577
2098,-33.575550853
2099,21.8930643134
2100,8.69108718353
2101,47.5637274799
2102,21.2719411212
2103,-25.3952882235
2104,41.335106632
2105,30.0849062814
2106,-24.0125166055
2107,-7.38104987387
2108,-45.1278198118
2109,-37.7501640905
2110,-34.8692418397
2111,-48.0068365867
2112,4.77613786113
2113,2.10133204274
2114,-58.4332907368
2115,50.0758560854
2116,79.2491602845
2117,16.0888647549
2118,-14.9159776176
2119,66.9732888362
2120,47.9682486684
2121,62.7487293477
2122,35.0557775349
2123,-44.0099434173
2124,77.7457318429
2125,12.120762502
2126,-42.0975740089
2127,-11.2462901067
2128,-6.03022086319
2129,-37.6436513093
2130,63.0723485255
2131,-18.7280464485
2132,87.9993571585
2133,57.2906239712
2134,45.799899996
2135,15.012792741
2136,63.508441278
2137,12.3601417047
2138,14.5490522237
2139,-44.4746438971
2140,40.435169424
2141,-41.7565222513
2142,51.9242253195
2143,8.76242701211
2144,-6.67983071342
2145,-13.0545645666
2146,-17.6114357848
2147,101.350531202
2148,-19.4034712431
2149,14.4259333865
2150,21.9426698394
2151,-26.6375397644
2152,35.0599907344
2153,46.2750016799
2154,91.5429856197
2155,58.0861628946
2156,101.741942567
2157,-36.6806190813
2158,-10.2685991185
2159,35.3901529166
2160,88.9408929822
2161,10.1198158691
2162,85.4223942463
2163,-52.0301290574
2164,-5.18761743876
2165,-32.2776613202
2166,-29.3763469736
2167,-54.0320725408
2168,-22.7848147962
2169,-50.850307726
2170,-76.3964796393
2171,51.1988996513
2172,18.4985764226
2173,-1.94863017179
2174,-27.5650388522
2175,8.4243525098
2176,-46.8311997634
2177,-50.8859965745
2178,44.1941808883
2179,31.7204544246
2180,-26.4974923357
2181,18.8991513647
2182,86.7390665659
2183,-42.5487345926
2184,50.1346383244
2185,-36.4019861775
2186,-53.8761264595
2187,21.0541600977
2188,-17.8232091527
2189,-112.024150706
2190,-27.8321252467
2191,79.6882999892
2192,70.1355962663
2193,-51.1598257476
2194,-22.0742040562
2195,17.4230624296
2196,-18.4093840069
2197,-15.4287632351
2198,50.1273606569
2199,59.0786922015
2200,55.6589925991
2201,11.555306814
2202,48.2022754268
2203,-2.576827489
2204,18.6011298565
2205,9.63988622652
2206,-21.6382251276
2207,4.07834872244
2208,-72.7162383805
2209,6.05067850329
2210,-52.8380817855
2211,8.49540080975
2212,51.8805973673
2213,33.6979789188
2214,34.8409404772
2215,-47.5947098297
2216,35.9939512234
2217,-24.0632409257
2218,12.2364999518
2219,-73.5252721533
2220,-32.2532745723
2221,-16.3583134701
2222,-19.4246599174
2223,-48.4508951496
2224,-11.5675434928
2225,9.6037691797
2226,26.2910704113
2227,-11.3314591503
2228,-37.4710786654
2229,-55.3753693919
2230,-29.7001076325
2231,18.7098397809
2232,-14.5691478731
2233,-2.10486620115
2234,-42.8293288732
2235,37.3032376459
2236,3.86900078568
2237,38.2278361356
2238,-41.0584811596
2239,-8.57041089864
2240,29.323663789
2241,58.8344532955
2242,8.72199350519
2243,-3.63605159668
2244,-0.404659389607
2245,10.1366336934
2246,-1.27601558791
2247,-44.6279328599
2248,-17.3027629218
2249,13.3758646169
2250,59.0304752702
2251,41.5491725596
2252,23.1070629243
2253,-3.69226403046
2254,37.5104021154
2255,68.0278900088
2256,62.3693141014
2257,43.6040971882
2258,27.0857407726
2259,-2.99767571424
2260,70.6162894635
2261,44.2510670136
2262,5.8938331174
2263,-78.2903566769
2264,32.2602510168
2265,36.7573447101
2266,-59.5612081348
2267,35.0526517922
2268,-53.0378147025
2269,-3.03854638368
2270,3.32705225958
2271,5.36886569436
2272,17.3575578019
2273,-8.6906978057
2274,-49.7403709969
2275,42.7119436528
2276,-14.4177806401
2277,-26.6041226234
2278,-48.3444812799
2279,17.1991711657
2280,46.6003245358
2281,-57.1994534009
2282,46.1908815791
2283,1.8239278343
2284,-48.2452274599
2285,6.24445492706
2286,49.4906985641
2287,-95.0227490242
2288,34.681073643
2289,-8.26328081233
2290,-14.0472167438
2291,-48.6235211651
2292,-3.65830914008
2293,-2.26610708004
2294,-11.0582412209
2295,8.35511545958
2296,16.0112421968
2297,38.4695539075
2298,-3.77009981181
2299,-5.47098374667
2300,-35.7748900194
2301,-21.5249105213
2302,27.0050898797
2303,-53.0951522965
2304,48.0539152621
2305,-64.5033909701
2306,-80.9628162942
2307,5.88257255806
2308,32.9693219494
2309,-40.3549057039
2310,-27.7310417546
2311,-29.7275506493
2312,48.2656010284
2313,45.6901679502
2314,40.1186509066
2315,25.3317520023
2316,-0.424930408956
2317,53.1740353719
2318,17.8854308437
2319,-43.0817304736
2320,35.7069961403
2321,-35.3182147881
2322,1.49175254761
2323,-29.6407011164
2324,12.5353730962
2325,82.7204749569
2326,34.3181608738
2327,43.5173426938
2328,-0.954849577693
2329,12.5843469839
2330,0.493548477674
2331,-17.1544389156
2332,69.2689991436
2333,64.7533864291
2334,-49.632994644
2335,-63.0114785658
2336,46.2968791059
2337,31.045882974
2338,24.2474871705
2339,5.19524464126
2340,-13.1341206622
2341,3.14647965803
2342,42.2808794595
2343,-57.8248276925
2344,-37.5341718649
2345,-16.9164269522
2346,35.3252118612
2347,5.16755773156
2348,22.0567825063
2349,-43.2103606804
2350,-48.2218460283
2351,-54.7124526596
2352,38.1673937531
2353,-20.6110593948
2354,-30.1552465191
2355,-4.61545405794
2356,-85.1933332266
2357,-49.9336211394
2358,23.0829810426
2359,58.8624526087
2360,-42.5074741503
2361,-8.24002672238
2362,-12.340631673
2363,16.1063935815
2364,43.2470789255
2365,7.12849524916
2366,-5.6775626907
2367,-16.8225357977
2368,9.41828630138
2369,15.8018139099
2370,-16.395466773
2371,30.1455669203
2372,-18.6241077178
2373,83.3215191913
2374,-41.2957486053
2375,-1.99127515271
2376,-5.71047188069
2377,18.9213073163
2378,54.7108028443
2379,-1.65299353188
2380,89.0062188123
2381,-60.3793605334
2382,63.6369976046
2383,-57.5081062478
2384,-43.1663481195
2385,8.78602693192
2386,25.9982040261
2387,40.6007088058
2388,-25.3898940551
2389,37.727185706
2390,-14.2396976377
2391,-12.9175491655
2392,-16.5610649389
2393,21.9397377078
2394,33.8933862072
2395,-60.7846708935
2396,-16.312790633
2397,72.4405471627
2398,-38.1826501262
2399,-56.2307965003
2400,-5.2041304725
2401,-51.3252500103
2402,36.8348071185
2403,6.63353487991
2404,23.0414783204
2405,-4.45624179894
2406,-46.6234468629
2407,-15.107018826
2408,60.3391184287
2409,-8.66530343057
2410,-40.9259753534
2411,-39.61292041
2412,107.342119037
2413,49.504845344
2414,12.6051594746
2415,49.1235804786
2416,35.1644469524
2417,-15.2735335375
2418,-50.6240442791
2419,-20.6567173413
2420,-51.8014183381
2421,-38.5847674972
2422,56.6213478195
2423,22.7313416368
2424,46.3479065778
2425,3.08999907625
2426,36.4862605539
2427,-35.1236660094
2428,74.2323456831
2429,10.9340261459
2430,31.6245360925
2431,-82.045687341
2432,12.7469033274
2433,0.0994029699184
2434,-19.628598112
2435,63.2133710973
2436,5.92961173024
2437,79.72200735
2438,17.2186641184
2439,60.1389277634
2440,-26.1321893982
2441,59.5473936339
2442,6.6737002845
2443,-32.5727088306
2444,0.711597504122
2445,-31.7614483062
2446,22.4601100456
2447,-49.4337435573
2448,-5.86891856829
2449,32.8117823919
2450,-24.5525360892
2451,-70.6581977897
2452,-49.9623078711
2453,-8.25804485003
2454,-26.7032625272
2455,8.80386385258
2456,-19.9288381726
2457,25.7534052476
2458,-34.7760051042
2459,52.3994550788
2460,-70.4907468656
2461,12.0296022081
2462,28.1126006653
2463,-21.6978611964
2464,25.9798538311
2465,-6.32003656969
2466,16.9458512159
2467,-15.1095834921
2468,76.0066160258
2469,-39.4441748131
2470,-35.2820456844
2471,-40.9319444238
2472,11.966360889
2473,-59.529297136
2474,30.2409662245
2475,-8.55339506736
2476,73.456980477
2477,42.183897861
2478,-27.728624578
2479,-87.191437452
2480,31.0257463253
2481,21.5613141384
2482,80.7673355629
2483,-8.53246231161
2484,-10.7221422726
2485,-19.0028111569
2486,-17.6475071577
2487,-2.94240706546
2488,71.9983454986
2489,-52.4206633259
2490,37.7286922392
2491,2.57816306591
2492,107.908526418
2493,-35.1642760157
2494,41.5274580189
2495,0.9369390435
2496,-14.0596594227
2497,-44.6248849811
2498,-96.082273384
2499,15.9369584262
2500,-70.7468080195
2501,7.0954996049
2502,51.6109387054
2503,-6.74757985594
2504,-23.5559711644
2505,-19.775228417
2506,16.7830185548
2507,109.653405716
2508,-43.7772019962
2509,31.5824279416
2510,92.6189697689
2511,8.67921771559
2512,56.5479392563
2513,-29.9589477394
2514,53.6716393599
2515,26.6321836264
2516,12.3794187685
2517,72.7129543356
2518,-38.0379268326
2519,26.512967278
2520,80.8386063317
2521,25.5252255362
2522,58.994632621
2523,-18.9444432632
2524,11.0395787697
2525,-95.9576947232
2526,-27.230171443
2527,39.2056948643
2528,-44.5133714668
2529,-47.608255805
2530,65.774401124
2531,63.8161942531
2532,-33.7595827695
2533,-34.7741341026
2534,-3.09779476532
2535,18.0366382323
2536,-68.1618995923
2537,-3.42748945464
2538,-47.4031744119
2539,-52.3296960229
2540,-52.5108313615
2541,36.7342691109
2542,45.1559857997
2543,8.68496634821
2544,-36.684531606
2545,80.0420422707
2546,72.7258524653
2547,-38.118576077
2548,-20.3196374339
2549,-42.7937106778
2550,-16.3176286818
2551,-24.0813366111
2552,9.50202987495
2553,-18.3065636798
2554,-7.96451906149
2555,-12.4559474709
2556,48.5938976028
2557,64.9227978787
2558,69.104762898
2559,-23.5212845571
2560,39.0555079385
2561,8.54356582141
2562,51.5095666179
2563,-27.7212004553
2564,30.4073441816
2565,44.7699811166
2566,-31.1623761861
2567,-46.2489684511
2568,27.3535651166
2569,31.3888192175
2570,-27.138597163
2571,-53.6883022467
2572,2.79591437316
2573,-88.3071776829
2574,83.2394433559
2575,-18.5725508591
2576,11.9250336486
2577,-63.6751637839
2578,-15.4937357819
2579,12.8288461947
2580,35.086358602
2581,-70.6667909013
2582,54.2708068591
2583,-18.4808067567
2584,6.39754792585
2585,26.2220674817
2586,14.7227056105
2587,7.33782856793
2588,21.5827062056
2589,25.8674928882
2590,39.8049404536
2591,62.629187819
2592,40.6703986512
2593,5.91588132399
2594,-9.73632026734
2595,20.5284492128
2596,74.4010005592
2597,42.0354507962
2598,20.5767893144
2599,20.4337174914
2600,-78.3380241574
2601,93.3192318245
2602,42.6908297491
2603,-27.4781588734
2604,-25.9040286395
2605,-7.61247012617
2606,-50.8205307176
2607,-2.68628986049
2608,55.7057634149
2609,-35.3073321852
2610,64.595836614
2611,-5.75315997758
2612,-9.57945821346
2613,62.8885795776
2614,30.9676604222
2615,-25.4113102824
2616,-11.2867965503
2617,17.3722600656
2618,-11.0777304467
2619,58.0615029356
2620,-14.4983784481
2621,19.9677401434
2622,56.3680957944
2623,78.7543583574
2624,-17.5416332571
2625,20.571766181
2626,-29.0971368474
2627,10.9516597311
2628,13.3251657763
2629,31.5345089926
2630,29.213455255
2631,25.4317019027
2632,84.9549086875
2633,-11.1383715287
2634,-15.7936121683
2635,37.539938134
2636,-38.922926268
2637,82.5563464982
2638,28.6639792673
2639,-43.4163604607
2640,23.7390104775
2641,21.3793533736
2642,72.8835782361
2643,-71.3035583552
2644,39.7704528252
2645,-61.4233955005
2646,-25.4491803959
2647,-34.9810461376
2648,22.202532526
2649,54.845340706
2650,74.8617809596
2651,-37.2932310505
2652,39.9006207992
2653,-3.71258745716
2654,34.4785060611
2655,-6.05530236964
2656,90.7447877067
2657,37.7188152209
2658,25.8079550403
2659,57.9526095806
2660,57.8117000656
2661,-14.3692125366
2662,-6.74614012673
2663,6.04912232058
2664,-23.0751281995
2665,11.5982054047
2666,-70.3358942586
2667,18.5009247857
2668,47.2198142554
2669,59.6136711091
2670,14.7703489651
2671,-6.16092027117
2672,49.0581206423
2673,24.7256167761
2674,18.6610997222
2675,-81.7028633647
2676,12.3918763817
2677,76.7425512688
2678,19.8173517701
2679,-30.0332129841
2680,49.0432239754
2681,2.84351157589
2682,-27.21813997
2683,20.9088042765
2684,47.7580056689
2685,-45.8540376658
2686,-21.7466399107
2687,-16.3874563018
2688,85.2439805436
2689,-38.0324563379
2690,44.0591604345
2691,-9.22766836704
2692,30.3231252117
2693,77.543655083
2694,-43.0324339932
2695,-58.1136552477
2696,-63.8540787261
2697,-27.6079438823
2698,-13.3975775287
2699,27.8722543787
2700,30.5494467072
2701,21.6749955198
2702,-13.1821876401
2703,24.4258659351
2704,69.0722684583
2705,29.8102640211
2706,16.2977772249
2707,33.8406343855
2708,-49.339489089
2709,-69.4617026451
2710,8.354904274
2711,32.3203300867
2712,6.76433040591
2713,24.1373194475
2714,104.741040217
2715,-23.4787400113
2716,4.89691923867
2717,-14.8144571456
2718,54.7787637487
2719,-22.5796523918
2720,34.0635500081
2721,-77.5334699986
2722,10.9025818609
2723,-11.6246306463
2724,-28.392634933
2725,2.29002180143
2726,3.97764218771
2727,-48.6854360648
2728,-30.5576683729
2729,-9.68592138386
2730,-8.27537334665
2731,20.540536489
2732,11.5935562407
2733,-60.3258432683
2734,-2.5996157145
2735,14.9768040337
2736,51.6788783811
2737,16.341013116
2738,-6.6618700762
2739,-50.5064160503
2740,75.4259602744
2741,-37.3616949371
2742,61.1452990233
2743,83.9249448786
2744,-36.1362573909
2745,-8.56448545953
2746,29.6272087238
2747,-52.5659614858
2748,-13.0916709684
2749,25.6087465944
2750,26.9848444587
2751,-28.4939479746
2752,0.239327293487
2753,-22.9168043955
2754,16.1456541336
2755,44.0019230919
2756,43.4121992689
2757,-13.9603089774
2758,3.05988307001
2759,44.6875221486
2760,32.6092105211
2761,43.1344785905
2762,33.44207877
2763,-39.1773286685
2764,-38.7895984489
2765,33.0035584103
2766,-19.7450054882
2767,47.5718472887
2768,72.5383384023
2769,21.8402644511
2770,-32.9715480746
2771,33.8531846438
2772,-6.12999334072
2773,-7.6463647605
2774,32.6642332099
2775,-43.8010312705
2776,-15.6002829411
2777,5.04670850343
2778,-18.280338643
2779,-46.492330451
2780,-46.4474125986
2781,-12.6761794898
2782,-36.3543628448
2783,37.7595321738
2784,29.6263309609
2785,39.2457555014
2786,63.0316891325
2787,10.5931059174
2788,24.2672935609
2789,-57.9044647727
2790,4.72107837297
2791,-30.2666485216
2792,7.39929079002
2793,20.4382474196
2794,2.53150719546
2795,71.5539562663
2796,68.3016670927
2797,-69.0960832639
2798,47.4881890716
2799,64.1703013831
2800,102.099037591
2801,34.484494472
2802,63.6005074662
2803,12.3701673595
2804,-31.4980454546
2805,-15.4775533287
2806,-21.2843700563
2807,39.4331059959
2808,9.88764391691
2809,-46.3086756124
2810,-12.4005270326
2811,-15.4946896307
2812,-3.29465906845
2813,8.03970706248
2814,-18.6748343983
2815,-71.1750366698
2816,55.5723057706
2817,-19.5940066191
2818,-22.0373942248
2819,-79.8535914391
2820,52.3083852193
2821,29.4324081335
2822,-59.2902319058
2823,15.2962256239
2824,34.425123823
2825,-36.5022861735
2826,34.5126376558
2827,37.2635840851
2828,-2.21004880075
2829,29.2605211257
2830,-9.27793483524
2831,2.50368219178
2832,54.5629565008
2833,56.8673671859
2834,26.4762628319
2835,87.2165409057
2836,-40.3407075838
2837,-7.36349488886
2838,19.4601715179
2839,-30.2126834706
2840,63.6953026056
2841,-35.6204466887
2842,31.9735585262
2843,-11.1853153314
2844,-10.4727963668
2845,-3.8341789437
2846,16.9071569196
2847,25.5266203083
2848,11.8600733947
2849,-51.9454756213
2850,66.510117818
2851,33.5394527653
2852,-6.68458155775
2853,-15.7388860376
2854,15.8131693614
2855,1.15127283937
2856,56.3295178069
2857,-5.65236391002
2858,-1.83461550011
2859,-20.0754524003
2860,35.1499600705
2861,-67.5547898432
2862,-7.94337434597
2863,-5.84342874864
2864,-13.9001541412
2865,-48.1275872376
2866,-11.1407059188
2867,25.7658608617
2868,45.6742680521
2869,-1.8444313544
2870,30.2999840093
2871,47.6181586988
2872,15.0704832627
2873,-2.83567668914
2874,-50.6215974286
2875,32.1394953102
2876,-34.5979095167
2877,-14.1485929674
2878,-13.0827921273
2879,-41.163626741
2880,-8.91070978957
2881,-57.180002252
2882,22.1116395604
2883,59.1501756103
2884,-4.43371714923
2885,-40.2025111059
2886,9.04020113115
2887,-2.25734693292
2888,3.76576597622
2889,22.6152498462
2890,-20.0057984849
2891,-49.8421820643
2892,65.019128564
2893,20.2902162362
2894,-2.61583367107
2895,27.9956679066
2896,17.2353126415
2897,-79.128110235
2898,-26.6232363844
2899,-7.72259288669
2900,-0.439131781708
2901,45.7789064376
2902,-15.6048745787
2903,11.0069606423
2904,8.07158405006
2905,119.968794014
2906,30.7535430995
2907,-19.9733546378
2908,-58.1497383292
2909,77.4362371771
2910,36.3370535133
2911,-44.2474102291
2912,8.8113094668
2913,-55.5632569017
2914,88.6167935671
2915,-19.2826963957
2916,33.310864143
2917,-34.203280611
2918,-48.6944876364
2919,-19.1861153869
2920,32.3838279885
2921,58.8648518301
2922,8.7472978565
2923,10.0825051011
2924,0.698212699147
2925,16.7356265303
2926,6.50922833942
2927,-8.01230145
2928,-59.36739052
2929,-47.652083397
2930,-54.3974077557
2931,-35.5088382763
2932,1.46217490205
2933,-65.5719972147
2934,31.8825692996
2935,79.8582390104
2936,-56.9766751215
2937,-29.3124931902
2938,7.30974533885
2939,-21.9491732242
2940,26.7274301857
2941,-35.47063674
2942,-22.0877253604
2943,-13.555818376
2944,1.23653994796
2945,-26.6536774952
2946,-13.8155093076
2947,31.9568908827
2948,-11.5138593827
2949,61.0198233024
2950,40.6820311305
2951,-13.1968614117
2952,9.72482481646
2953,-24.0059168742
2954,18.8865077531
2955,7.68279054903
2956,-21.7233918333
2957,45.249503681
2958,-27.036705129
2959,-75.0851798033
2960,44.5475200075
2961,44.2817572544
2962,12.6659549996
2963,-4.87165427674
2964,-74.2658203502
2965,59.1791087198
2966,65.6629936227
2967,40.532621465
2968,-51.6338542467
2969,23.8814110003
2970,-12.0405375551
2971,-30.6751418479
2972,70.6280829448
2973,-88.7987348349
2974,-34.754314516
2975,68.716764299
2976,19.8010012256
2977,-52.3427318668
2978,-1.01783448511
2979,-22.7263625438
2980,-76.6611779788
2981,-59.19764999
2982,-28.2812018743
2983,6.38830206116
2984,1.82981599861
2985,29.1295927964
2986,34.9367940036
2987,-15.0796385645
2988,17.2951943697
2989,78.9572905397
2990,-22.8951409195
2991,78.7658130013
2992,-62.2251554862
2993,18.7303045122
2994,67.2584542204
2995,-9.19541657246
2996,-22.5161090859
2997,1.00179253509
2998,77.8173712817
2999,43.5020743336
3000,12.2490855176
3001,-62.5283551684
3002,-60.8487748603
3003,53.8452830879
3004,83.1473641116
3005,-18.9467167439
3006,-16.3939860601
3007,-48.6421797353
3008,3.64409626106
3009,-20.4076900499
3010,-48.4283101762
3011,34.2438455934
3012,54.4929454094
3013,43.357655547
3014,-10.5404904627
3015,-22.7336737489
3016,-64.6822781873
3017,-17.2453789696
3018,19.9545008886
3019,-31.5992255191
3020,37.8219566308
3021,27.2409170396
3022,80.241092651
3023,-12.0646181335
3024,26.2450715866
3025,20.2247825913
3026,77.862735056
3027,-22.9110203096
3028,-58.8608875097
3029,-11.5023043449
3030,-18.0306345537
3031,-2.14370483146
3032,24.0910591679
3033,30.7881709707
3034,-68.8847936874
3035,2.37020202938
3036,63.3370152995
3037,37.8843504283
3038,47.1210051881
3039,7.54851442609
3040,34.7092121768
3041,27.5299957592
3042,7.15988469985
3043,80.1175705488
3044,35.6451766853
3045,10.143098545
3046,30.4214845961
3047,61.2376375339
3048,-35.8181046208
3049,19.4824529365
3050,-19.2888345203
3051,-35.7798049732
3052,40.3713997995
3053,-35.8201564603
3054,46.7933624804
3055,-25.5352705758
3056,2.03137871489
3057,20.9774486317
3058,-3.36877770607
3059,-13.4343894321
3060,46.7160766062
3061,11.7436228741
3062,32.104105911
3063,-61.4320840702
3064,36.1162378187
3065,29.4763849694
3066,-59.4421776528
3067,-6.37359163046
3068,-25.7554348281
3069,27.1134179031
3070,-47.3784957969
3071,34.0217020203
3072,25.3594493138
3073,-7.97278162087
3074,55.5642217466
3075,-47.072614433
3076,71.5541075227
3077,-20.2573710763
3078,35.1554621406
3079,-53.4743560545
3080,-18.1149103289
3081,22.4182621969
3082,72.6157417343
3083,-37.9057262969
3084,67.1097953524
3085,9.01839830833
3086,15.0918651191
3087,-0.927355469604
3088,40.3080456282
3089,-41.9029060224
3090,-29.8277072396
3091,-45.5233925913
3092,81.2730966976
3093,-37.6007406041
3094,-3.29773133237
3095,37.7417876883
3096,-28.1117251501
3097,15.1144575394
3098,-12.4381720426
3099,-61.3045289677
3100,-43.8549486492
3101,-50.6876976139
3102,-29.1207510872
3103,-59.8299241931
3104,-2.04731329193
3105,7.84106525682
3106,30.6719582277
3107,-19.8716122055
3108,-15.6137680092
3109,-48.7637125115
3110,1.12526962389
3111,20.2659928166
3112,-25.0225317916
3113,-28.2714235757
3114,25.5909472768
3115,7.78030339775
3116,29.9348685147
3117,37.4221068118
3118,-65.5535755113
3119,-0.361177244589
3120,-11.1014319151
3121,31.6208544218
3122,18.5927067149
3123,51.6676544543
3124,18.2039791022
3125,-52.260171593
3126,17.9606169701
3127,70.4442680369
3128,64.4284125119
3129,-52.4255270717
3130,1.38606778308
3131,34.2594687725
3132,15.2404019435
3133,40.8878987103
3134,-21.6724370826
3135,28.9448445004
3136,-41.2355179966
3137,63.0346725279
3138,28.2331291007
3139,47.6594583162
3140,-6.23793175399
3141,-78.4398319682
3142,-2.5153916312
3143,12.2009824938
3144,69.0232017362
3145,58.5655968146
3146,-4.65577048683
3147,18.9145835074
3148,-73.0875185911
3149,-31.9125279637
3150,57.3742016258
3151,-37.6689286517
3152,12.8627014733
3153,-67.0498582774
3154,-21.928623505
3155,-34.0052388363
3156,-23.784926706
3157,54.0166016913
3158,39.000459195
3159,50.5594793296
3160,8.07301000291
3161,42.7135199109
3162,-0.0780781756682
3163,46.1582419479
3164,-7.45342879391
3165,2.08505489263
3166,-35.8542271436
3167,-35.6008509126
3168,-6.78030637734
3169,57.9360867862
3170,-72.224074483
3171,32.5343607522
3172,-89.1589752258
3173,-15.5761164421
3174,-67.1940968759
3175,13.8557489694
3176,54.3227114018
3177,-39.1159247591
3178,92.7002876091
3179,-31.3477929866
3180,4.83888698832
3181,-43.9148781826
3182,-11.8641440017
3183,5.77566318553
3184,-21.9898229649
3185,-21.9536317518
3186,0.614470082776
3187,-18.1428698478
3188,57.9375206813
3189,11.6967616917
3190,55.2164997532
3191,13.847232841
3192,-7.23226289036
3193,11.5933538951
3194,10.7945875266
3195,29.656725183
3196,49.6254246326
3197,-20.7039356675
3198,9.06121530335
3199,7.90050990006
3200,-4.38428735123
3201,31.0867984252
3202,15.6051248146
3203,-74.9260491209
3204,40.8169280024
3205,48.6975024829
3206,-13.1710271247
3207,-2.39169049359
3208,2.71899074442
3209,34.9398072527
3210,7.24787133308
3211,43.9676581806
3212,-56.1104385031
3213,49.5979310505
3214,78.4647230035
3215,-50.3898859709
3216,71.6783040001
3217,36.0804502632
3218,-15.563631907
3219,-59.5209170422
3220,-17.9130390506
3221,-91.1646745831
3222,-15.2025006813
3223,16.0153371411
3224,-39.3827902572
3225,52.1547676394
3226,46.3986945001
3227,76.5235333992
3228,17.0483033894
3229,-31.0396265877
3230,-87.5396115403
3231,-21.47469403
3232,3.30805862061
3233,23.2644299465
3234,-28.6053504021
3235,10.1256267741
3236,25.275808031
3237,4.53592722229
3238,23.6021390911
3239,-20.7841925944
3240,-19.304965958
3241,10.2986868431
3242,41.56524186
3243,12.6723135365
3244,9.83555877334
3245,-11.3442197471
3246,8.50083674861
3247,18.6465927075
3248,-6.96805093378
3249,19.114567013
3250,47.1902294877
3251,77.7959686878
3252,-23.6503105257
3253,34.975682263
3254,-33.3229220682
3255,27.3850312466
3256,-23.0175420376
3257,37.9555752186
3258,57.6412025659
3259,-0.743146096929
3260,-24.1992222586
3261,3.53387399735
3262,13.1409000821
3263,-55.0432078889
3264,22.8088726671
3265,-39.3111270762
3266,17.5416157064
3267,-40.6503673033
3268,-58.4777544812
3269,12.5761878317
3270,-0.443336355324
3271,-37.8192402992
3272,30.2487844894
3273,-14.8844440557
3274,45.089249051
3275,-37.4095695955
3276,23.8110177754
3277,70.10875605
3278,75.8376617127
3279,0.069501462826
3280,52.4311280982
3281,-0.792167832235
3282,-17.6197668815
3283,77.3359931156
3284,33.8304728149
3285,-17.036134537
3286,-6.35540834159
3287,-13.7079010691
3288,4.12262673448
3289,0.266524233716
3290,8.37260684962
3291,-24.5175776353
3292,-1.51406708063
3293,-14.3480047463
3294,27.5223727112
3295,56.5944333678
3296,-84.4643585728
3297,-44.6146553092
3298,-9.47589321832
3299,-5.94533652774
3300,-10.8736821925
3301,-32.044953332
3302,-15.0740686489
3303,-31.5563830117
3304,17.6312095873
3305,-73.323947015
3306,24.1317991516
3307,4.88276176946
3308,39.4059931209
3309,6.72357259278
3310,-4.4346019851
3311,-7.88277392985
3312,72.9390246504
3313,23.4634141768
3314,-48.1987454116
3315,-31.1359601031
3316,28.8128316451
3317,67.5303181103
3318,-34.7733675196
3319,66.2043635421
3320,45.3789862111
3321,-12.3316328195
3322,-49.291017111
3323,40.8868404494
3324,-3.36154432612
3325,29.4373127524
3326,-3.70615136092
3327,87.6509772837
3328,11.8404375075
3329,39.2171438357
3330,0.00528132708851
3331,-20.3304289713
3332,30.3953454032
3333,49.6182071385
3334,-27.2607685131
3335,-57.1990157046
3336,55.0448923423
3337,15.6146802578
3338,-58.5593051548
3339,-9.09824850986
3340,-3.9807923824
3341,72.7134657877
3342,83.6779158618
3343,46.7993609407
3344,27.6060810926
3345,27.8826768426
3346,20.0199192469
3347,-10.7642119834
3348,11.9269584615
3349,13.4932627677
3350,-30.080511172
3351,-70.9515555519
3352,0.620664920152
3353,-35.4462274762
3354,-33.1126682403
3355,51.8994472182
3356,35.1005733103
3357,90.5111222567
3358,30.4606335432
3359,78.4122169553
3360,-12.5126058216
3361,-56.7076925605
3362,31.7095119873
3363,-32.9405849946
3364,-20.829185643
3365,-23.8861102634
3366,59.1810432518
3367,27.8743430896
3368,21.8926831267
3369,-22.7023193133
3370,60.7980667611
3371,25.7200428293
3372,13.8375928486
3373,-59.7805643631
3374,-24.3294842784
3375,76.2847769582
3376,14.6615250421
3377,-13.1372050776
3378,10.6634952098
3379,-2.01436276947
3380,-31.3116520586
3381,43.744027401
3382,26.4018596075
3383,-11.311505928
3384,-27.1716284876
3385,-20.5651429778
3386,43.5125336437
3387,-25.7698650818
3388,45.0609984363
3389,-70.5870181723
3390,-54.1502349131
3391,-40.8473028503
3392,-10.2827399215
3393,1.80311505307
3394,-36.6879637126
3395,-21.7086282177
3396,27.5581322141
3397,84.7272405232
3398,-13.7635735779
3399,54.7942368135
3400,67.7565461057
3401,16.2923624162
3402,21.3159375208
3403,-41.5225546704
3404,-77.6978845939
3405,-24.1034985987
3406,-3.16489397855
3407,38.6704475647
3408,17.2177699876
3409,54.9269799742
3410,35.1424754765
3411,-10.094611387
3412,-55.2425209716
3413,-6.90681916844
3414,30.6937382182
3415,63.751807248
3416,-37.3830011194
3417,20.0933358327
3418,-31.8622170133
3419,14.3521331696
3420,18.1623470265
3421,-45.5105638148
3422,-0.670123060667
3423,10.7610788255
3424,-1.01098340315
3425,24.5613574062
3426,24.9212360377
3427,20.9666416497
3428,-60.9073024119
3429,46.6633544419
3430,29.1792865778
3431,-38.5886310354
3432,-41.9603561112
3433,-39.8162453997
3434,7.63538888175
3435,50.0496287243
3436,20.516629242
3437,-17.0314489478
3438,61.2756877689
3439,8.18098951217
3440,66.0091324571
3441,20.9975182186
3442,-31.6852149533
3443,8.30462197701
3444,16.5302203043
3445,3.5330669364
3446,-19.4189965169
3447,-8.57022026478
3448,42.9371043253
3449,-6.30826062406
3450,15.475024066
3451,38.6954431498
3452,-54.0153053437
3453,18.5434038684
3454,-40.5202523602
3455,12.4086209173
3456,-5.30562177663
3457,-10.5764023735
3458,-24.6418915098
3459,8.22814760166
3460,59.8629208046
3461,-25.4645967122
3462,-43.5666353531
3463,-30.3137777211
3464,-53.1714201829
3465,-6.69056885429
3466,49.6473495268
3467,19.3517763144
3468,47.3600992074
3469,-42.1383309417
3470,31.8693013033
3471,-45.264138023
3472,-62.6643616234
3473,4.14509229907
3474,11.159147887
3475,-28.8798610248
3476,26.9901308153
3477,-22.5856523611
3478,0.266880201815
3479,100.752180791
3480,35.5727030962
3481,-41.2827092166
3482,5.26636488993
3483,-6.96520237936
3484,-14.5645226955
3485,-42.8702040347
3486,-83.0746569752
3487,-42.0510901084
3488,18.6201128774
3489,66.1458019997
3490,-13.8500202903
3491,8.59059572601
3492,-31.9594164195
3493,29.1887881982
3494,-30.5538180721
3495,-25.5192238217
3496,-58.1365018463
3497,59.5529983297
3498,7.76486710669
3499,75.1394026072
3500,-11.3494513667
3501,-16.067867388
3502,31.5727958187
3503,-37.5408895286
3504,-91.090572229
3505,-23.9813952392
3506,-66.4458751374
3507,-27.0233812987
3508,19.7388872649
3509,13.463265024
3510,76.8052865567
3511,59.8790018524
3512,-7.94036838666
3513,25.9331436037
3514,62.887175545
3515,-8.14461089846
3516,-58.74723996
3517,-20.8276232043
3518,-51.3717496727
3519,-85.6214030534
3520,-0.174853563537
3521,-44.9026652966
3522,-7.42874226158
3523,-41.3056892269
3524,-4.63697496141
3525,-3.60609734791
3526,37.638354668
3527,8.46326131139
3528,-13.8444833892
3529,-23.9316383442
3530,-49.6748073176
3531,-49.8263914293
3532,-45.1923209201
3533,-2.91546429005
3534,35.4331905149
3535,60.193852742
3536,1.73380738479
3537,80.0318040891
3538,16.9894074205
3539,-21.5676289381
3540,75.501643757
3541,22.2679860794
3542,-80.7752998787
3543,42.654239389
3544,47.9516584782
3545,-12.6031999666
3546,-45.2052785806
3547,-40.7322960206
3548,-29.9493368897
3549,-27.7430774545
3550,39.0502091212
3551,42.7953889902
3552,52.4178013832
3553,-19.9972110508
3554,-14.6664338117
3555,28.9177384208
3556,-10.0338172461
3557,17.9441842393
3558,43.8085585389
3559,-56.8379953392
3560,8.59788104343
3561,-33.831078252
3562,-50.7770057992
3563,-13.5866962467
3564,59.7056893804
3565,88.8092088928
3566,1.00511897475
3567,-5.33921779136
3568,53.586269724
3569,-41.4864898917
3570,-31.9302875615
3571,35.949293323
3572,6.70393322423
3573,40.2107060412
3574,43.6915520582
3575,58.0588175889
3576,-83.7231790253
3577,-60.6524796744
3578,-44.6010140593
3579,28.7205070001
3580,59.414971547
3581,-59.9943327789
3582,-1.85832591081
3583,1.03796072134
3584,14.7838371639
3585,30.2693098839
3586,-30.2722160389
3587,-25.9876421343
3588,6.07888146095
3589,-52.4668281662
3590,71.2347010848
3591,-9.11469545922
3592,57.2390611098
3593,28.9261449814
3594,-47.4164601351
3595,13.188245197
3596,75.5628407643
3597,0.570853025637
3598,-5.31306237505
3599,-48.1266142811
3600,33.3119483483
3601,27.5205313661
3602,30.8216818398
3603,-36.9744244791
3604,8.87896311138
3605,8.885761401
3606,8.39707631767
3607,53.7449318483
3608,65.7885518246
3609,55.4362672772
3610,66.2669349557
3611,33.5351040429
3612,55.1975572416
3613,-5.17935266981
3614,22.2684321841
3615,-17.8495709273
3616,-2.86829285819
3617,69.9731754238
3618,8.33322096609
3619,-4.80963878032
3620,-78.9026624675
3621,34.55905267
3622,35.2425828965
3623,57.3253162774
3624,58.9692066028
3625,12.2570124314
3626,-25.182218013
3627,52.0339700886
3628,26.7808190002
3629,52.7269732727
3630,-70.6488742215
3631,12.9020986535
3632,36.9842437726
3633,5.96947699051
3634,-64.3886317967
3635,85.9760086639
3636,26.6234519564
3637,-84.1397385898
3638,2.00485114218
3639,-30.8093458192
3640,64.979977255
3641,9.46995960831
3642,10.0698388307
3643,-26.0247249471
3644,3.78688891421
3645,2.54094961031
3646,2.96014253715
3647,46.1999004714
3648,45.6888071026
3649,-20.8688283334
3650,6.27638345547
3651,-5.39086352199
3652,40.5064912925
3653,5.64437807465
3654,-17.802479278
3655,27.7209384349
3656,-58.4068714147
3657,14.0615620274
3658,-10.4032170957
3659,15.25294199
3660,-14.4806431026
3661,-14.1244659569
3662,35.2881152992
3663,35.7020264468
3664,5.66024125623
3665,30.97091097
3666,-56.2026501806
3667,42.3411930148
3668,23.4384753916
3669,-41.6333577282
3670,15.8748085274
3671,47.7944971075
3672,-64.1749868862
3673,25.210088987
3674,22.9670846395
3675,5.57076407218
3676,-13.8860138483
3677,-54.3522316812
3678,-17.6670257518
3679,49.5047019618
3680,68.2314761995
3681,-3.86504663303
3682,-26.9993741796
3683,51.0589550074
3684,85.7434260699
3685,35.7538593167
3686,14.0161857913
3687,-21.5829372204
3688,-18.383176854
3689,-10.3764472557
3690,65.3454406185
3691,-49.4448325765
3692,29.6359708925
3693,-17.6183089698
3694,29.38141626
3695,-56.7516208204
3696,91.5398724508
3697,9.84642133428
3698,-19.0005481544
3699,47.6086259051
3700,77.3515644756
3701,21.768599971
3702,49.2014334735
3703,-11.8017553165
3704,42.0088718744
3705,-5.03424279884
3706,3.77237478975
3707,22.4331027895
3708,36.4139047031
3709,62.6545744124
3710,-16.9578628478
3711,-6.97886379086
3712,-50.9665127137
3713,25.9596579761
3714,-59.6049480769
3715,6.95880286724
3716,56.1821903857
3717,5.14847306518
3718,17.8738879538
3719,-3.41412457656
3720,36.4035647187
3721,-19.988724997
3722,104.10246753
3723,23.8347553636
3724,5.67576571999
3725,18.2390409686
3726,-71.8453675707
3727,-2.97074396978
3728,-27.9027487047
3729,-28.3894719681
3730,67.7113843222
3731,-16.6436326951
3732,-25.7679550988
3733,86.2990780141
3734,31.9742766376
3735,16.2198665276
3736,50.324936948
3737,-38.6498134489
3738,5.44385792741
3739,-25.7863523516
3740,1.28241689779
3741,-14.8206530694
3742,-32.1544514886
3743,0.264744898917
3744,-53.8799514029
3745,27.9358486775
3746,-53.9803307889
3747,-13.4272972652
3748,23.8589663419
3749,12.3811290148
3750,47.1156065109
3751,-68.8723687673
3752,-21.3297888558
3753,25.2498262351
3754,99.0903855811
3755,-63.58955612
3756,-3.2160333357
3757,-35.2869024159
3758,-8.18101500599
3759,41.0271808205
3760,-5.63484088228
3761,-77.1228469346
3762,61.0370386097
3763,67.7921322102
3764,62.0383671545
3765,-10.8948052432
3766,-12.8931195451
3767,-7.08916306897
3768,4.69106927192
3769,-68.7246277033
3770,3.92420693837
3771,-59.931907212
3772,13.6906818841
3773,-6.02285337616
3774,-16.2248108378
3775,-5.13307628998
3776,-25.7182794769
3777,0.246752931015
3778,-6.82150694007
3779,-48.4037756989
3780,35.9242860847
3781,78.5935206261
3782,0.570359394919
3783,15.8366603105
3784,-20.3137178129
3785,-2.48299058412
3786,41.1681058686
3787,-15.4911245518
3788,-85.5515458134
3789,-24.3861031336
3790,0.21569392426
3791,3.31876785274
3792,24.7923432861
3793,-54.2561954586
3794,-66.2360614305
3795,-15.5810851528
3796,-10.7380001089
3797,-16.6135417458
3798,8.30678269361
3799,-7.73963928129
3800,41.4096898897
3801,-39.9219609625
3802,106.608890548
3803,9.89810540862
3804,-30.4306564058
3805,30.2334024319
3806,29.3346698195
3807,-19.9447792107
3808,33.0007713799
3809,33.0030802669
3810,1.45567878212
3811,-108.282740219
3812,67.2407871228
3813,31.9517506314
3814,27.3542365223
3815,54.5067276679
3816,-75.6790701326
3817,36.1117476047
3818,46.37466484
3819,25.3603262795
3820,2.47381784736
3821,28.0908736662
3822,-49.5030613354
3823,-29.0979326009
3824,-39.0595892947
3825,-51.4815641541
3826,-3.5302933201
3827,34.0146140183
3828,-38.2927392936
3829,-37.0648863537
3830,-11.7867461676
3831,20.3115521515
3832,26.1919667838
3833,-41.8247667619
3834,3.49150233383
3835,43.9482480339
3836,-64.2173070213
3837,17.2403161464
3838,34.8072398038
3839,-48.1615753592
3840,28.7390487187
3841,-4.04902405371
3842,-16.0219371489
3843,28.3967817509
3844,-35.8995680613
3845,9.06508671093
3846,7.36774365366
3847,-4.80340769704
3848,-25.6369147465
3849,-81.1408214138
3850,54.9540360267
3851,41.0641777279
3852,-42.8324607489
3853,20.4183202332
3854,35.8432260818
3855,10.2273986064
3856,-34.3358612206
3857,-1.67600660424
3858,51.8422450547
3859,-8.79116689946
3860,60.2403222246
3861,28.804477301
3862,14.7972680501
3863,-18.2053208724
3864,-4.95174416002
3865,-3.88114157491
3866,-81.9044926581
3867,31.7233273157
3868,-17.6861669935
3869,53.3650492895
3870,67.8656607243
3871,5.77331769593
3872,20.0495689142
3873,21.0176310927
3874,57.9965646294
3875,15.0371998976
3876,23.4585672108
3877,-30.5280480325
3878,60.0823206561
3879,-0.840262505795
3880,-12.6847539421
3881,15.6502151088
3882,-49.24057423
3883,-1.67166214572
3884,-18.3053310635
3885,71.2253680027
3886,25.3924258091
3887,-62.3974227036
3888,29.3963294999
3889,-33.8587038772
3890,-49.5644852667
3891,-57.2375788349
3892,0.685571151638
3893,39.6722261435
3894,18.5308451269
3895,49.6759349376
3896,-38.2941857054
3897,-40.8947214152
3898,-15.7113688659
3899,12.02390145
3900,33.2785654875
3901,14.3877029729
3902,-70.4700408136
3903,13.4045460097
3904,-25.0403937973
3905,-18.7409546246
3906,33.6865565658
3907,44.9253298262
3908,84.7707993067
3909,-24.0112026428
3910,-4.4897815721
3911,-46.0131877735
3912,20.6074927533
3913,-58.6210855645
3914,69.2255483837
3915,-32.4906400422
3916,-62.9928955754
3917,-34.524787217
3918,-37.6200166383
3919,19.5707964726
3920,18.3111886685
3921,14.8455800523
3922,-34.4482548409
3923,24.1189435543
3924,12.0627688191
3925,-16.1959276033
3926,58.3719796064
3927,-5.00489730395
3928,-0.554155098222
3929,76.6668065745
3930,35.021741192
3931,21.6006622346
3932,-2.76421259356
3933,15.0005683073
3934,-7.12838116092
3935,89.6899864926
3936,33.5817020947
3937,0.379959127721
3938,-22.4681613454
3939,-45.88001691
3940,-65.7296575918
3941,51.4658346447
3942,-2.11095352494
3943,-58.5285276223
3944,-38.4864619223
3945,0.762406499687
3946,-48.8248808872
3947,21.9513935314
3948,-2.25830545522
3949,54.0928054143
3950,-34.7528958576
3951,81.0920055049
3952,61.5922488184
3953,45.1010918959
3954,-47.205188786
3955,17.9301451758
3956,69.1213489939
3957,-34.7173717853
3958,-17.3111430951
3959,35.4810816801
3960,-98.1838940817
3961,91.1182659352
3962,57.2794781638
3963,28.5705617384
3964,8.43234438481
3965,-37.0559837365
3966,26.4033031269
3967,13.4657064662
3968,20.736826688
3969,-39.5182387466
3970,27.1550210695
3971,63.553695332
3972,25.2463973439
3973,39.11098949
3974,8.43397543145
3975,43.2349526341
3976,-43.4868861946
3977,22.0655786974
3978,50.8096034989
3979,-50.9115450004
3980,3.62549050033
3981,-34.1728634018
3982,35.1988480433
3983,-13.8114490843
3984,-59.2724047924
3985,38.9259901568
3986,-25.7781087511
3987,0.815247033319
3988,3.03578705206
3989,-72.4949696424
3990,84.251777096
3991,52.9491955921
3992,64.456339174
3993,49.3610707582
3994,31.2582356065
3995,36.3561189085
3996,7.32334176032
3997,-34.7550012622
3998,49.9443518808
3999,7.99883045914
4000,66.1105922884
4001,-33.2288968229
4002,13.6370512189
4003,-62.620852239
4004,48.2071342544
4005,0.82992355502
4006,13.9105914263
4007,16.3464840413
4008,30.9356078479
4009,31.0054270177
4010,25.0662096474
4011,36.6686436179
4012,79.1166849297
4013,-41.9625190671
4014,87.4875022252
4015,-3.16930779276
4016,-41.5967340965
4017,63.8982515392
4018,-24.0720536782
4019,7.41782313439
4020,18.3527859511
4021,-5.92446913872
4022,75.0020666158
4023,17.4184963257
4024,66.3932466674
4025,-20.4408914171
4026,-32.4762170361
4027,-35.731969497
4028,-20.4436827279
4029,-31.0354235778
4030,46.1387466247
4031,25.4550097565
4032,-86.6779886137
4033,25.9377457795
4034,-9.46122979933
4035,-8.89975449213
4036,46.9971091403
4037,-84.0199923411
4038,-51.4681197618
4039,-36.2871628526
4040,-2.44843940645
4041,-37.9375008172
4042,35.3690145073
4043,-37.5943856516
4044,50.8793211071
4045,72.2900271454
4046,-41.370519603
4047,-61.8960947637
4048,26.8607859981
4049,82.6854544319
4050,55.1996890814
4051,15.5911022944
4052,47.9648668675
4053,-80.8334007684
4054,37.281884581
4055,29.8444451623
4056,50.3387976439
4057,16.1500937599
4058,-37.4310563133
4059,-35.1276795591
4060,41.6754427446
4061,51.2754941615
4062,29.8347143479
4063,-46.0717138187
4064,-40.8875300765
4065,60.1414403023
4066,0.36305410286
4067,6.50644253643
4068,-21.517600219
4069,-58.3689620215
4070,-1.18517005857
4071,50.4200228652
4072,18.4677026867
4073,25.0456044419
4074,44.6290059556
4075,-25.6047768149
4076,100.467242659
4077,2.17364893189
4078,-21.2433303591
4079,3.2315529047
4080,39.9751224384
4081,27.2334010952
4082,57.946210383
4083,18.330322961
4084,-39.007418866
4085,20.1990225174
4086,-46.7964396263
4087,-15.2569118806
4088,9.82026545259
4089,-32.1811592902
4090,33.0619889138
4091,-41.5665737194
4092,0.563392575168
4093,-39.5757391354
4094,3.95059834732
4095,-68.8081304261
4096,-7.4312396381
4097,-86.3295085179
4098,78.1130397521
4099,-23.5631905378
4100,-28.6803280403
4101,84.5534309043
4102,96.971728359
4103,-37.0929418517
4104,-54.0592562733
4105,-41.71739023
4106,39.6647450058
4107,30.7657304478
4108,-69.2664231174
4109,-15.6075137069
4110,43.9846633741
4111,34.3236808295
4112,54.4452743037
4113,-17.7718223915
4114,19.1567316029
4115,54.3198257433
4116,36.2545965745
4117,-25.7449972201
4118,-77.0693856731
4119,7.29639283226
4120,-37.4605491661
4121,51.4930675652
4122,-31.3121982851
4123,-31.7370686611
4124,-26.6938967058
4125,-59.8219415359
4126,-7.76377344512
4127,-50.500900648
4128,23.4823069434
4129,36.2698308123
4130,17.9844806875
4131,-13.6931835034
4132,-10.9486295038
4133,21.1291974827
4134,12.8860503994
4135,28.6917092536
4136,57.770373992
4137,-32.7598753874
4138,53.1595492993
4139,13.7298234106
4140,-5.23399461691
4141,-2.59882393454
4142,-67.2715273054
4143,-49.0415498745
4144,83.2960007134
4145,23.3877305957
4146,-0.399470667957
4147,21.2143868173
4148,72.1493741083
4149,-52.0853047883
4150,59.5568292289
4151,44.0420179191
4152,7.57682809175
4153,43.259336565
4154,-13.8421071085
4155,83.4633656651
4156,-31.0446889453
4157,-0.24210179312
4158,-44.888655284
4159,-19.5313121962
4160,49.6827987963
4161,-26.2137626791
4162,2.82943869713
4163,-16.3759961259
4164,-44.3973978804
4165,23.3965389582
4166,15.9760345337
4167,-5.36397645582
4168,46.2117211526
4169,-3.89953873026
4170,-15.969203461
4171,-23.3091474691
4172,65.4323879397
4173,61.0680317417
4174,-27.1092528191
4175,-36.2353789078
4176,-5.50110426243
4177,44.3748224575
4178,72.8363966792
4179,2.67104298833
4180,25.9123284862
4181,18.5227809025
4182,1.72395578544
4183,41.7523566468
4184,31.5403655147
4185,-5.07043616427
4186,-37.7382479719
4187,-39.0697395839
4188,-33.7632445696
4189,46.1727998002
4190,14.8259076977
4191,-8.59283731223
4192,-9.48484156207
4193,-30.8772096603
4194,-68.9413888663
4195,90.722282958
4196,8.89579265729
4197,71.8104821754
4198,36.0323801239
4199,5.64773281618
4200,44.0170890058
4201,7.31679817515
4202,-47.1678393852
4203,-15.5833738167
4204,-19.7480208385
4205,6.10889398996
4206,25.2699765627
4207,8.85805089755
4208,2.34295593835
4209,20.5370520094
4210,29.7852538792
4211,34.425305771
4212,-22.9419492635
4213,22.0550274143
4214,-26.5203177965
4215,29.510068184
4216,39.9081762481
4217,9.16116115843
4218,10.2943545374
4219,1.17320809161
4220,17.9505821686
4221,-83.2331987397
4222,21.0498102739
4223,42.78679615
4224,9.86873489275
4225,-0.0953188946176
4226,-7.35110197832
4227,-22.0472339577
4228,36.6723958913
4229,8.77016554953
4230,-63.4148090796
4231,-51.8101249484
4232,2.5204067903
4233,25.8065773341
4234,-6.37092615287
4235,47.3612810688
4236,87.9433886571
4237,-29.5093061229
4238,-30.5919787471
4239,-21.3059444352
4240,38.2100437979
4241,23.4244922405
4242,60.094377521
4243,0.0400442825863
4244,48.2721166569
4245,-18.6395578269
4246,-22.6963129224
4247,33.2464312666
4248,-11.3603001087
4249,34.7314446203
4250,8.58538671873
4251,-8.76492284036
4252,-18.1753672808
4253,3.96161561014
4254,1.59997296954
4255,53.3827713976
4256,34.7810297774
4257,40.8251835034
4258,-8.66582218247
4259,37.2885331254
4260,50.4028217573
4261,-39.7011687134
4262,-9.77301650639
4263,-57.7331968548
4264,-24.0991582941
4265,-3.19219410853
4266,33.4662837407
4267,26.7153325342
4268,71.1320010495
4269,82.9228710879
4270,56.4665581692
4271,53.5626175024
4272,-86.7093639662
4273,44.7983258046
4274,22.4830874778
4275,20.7852178776
4276,-65.9388556328
4277,28.020411473
4278,-36.692695678
4279,-25.0064768206
4280,-33.7584716966
4281,42.612126792
4282,39.2087242349
4283,-10.5191132746
4284,49.1347669289
4285,52.4427318016
4286,-11.2377359977
4287,-29.3743399219
4288,-40.8394405116
4289,-71.7960051622
4290,-33.3218439841
4291,44.7575236372
4292,93.0670473822
4293,-30.4145099721
4294,-80.0503388653
4295,-17.0225030379
4296,-35.9871192676
4297,-11.004558776
4298,-10.9562449402
4299,33.9175036891
4300,23.2028163843
4301,-19.6897202338
4302,-3.40953885297
4303,-9.86310491892
4304,21.5743955789
4305,15.8304691781
4306,-59.2998062542
4307,-24.1255803555
4308,-14.0878413573
4309,2.69786463342
4310,-41.1779217357
4311,5.97853833086
4312,10.9680844968
4313,-28.3463253855
4314,-16.9194195207
4315,44.1087619764
4316,22.0541505005
4317,8.23279438204
4318,-45.1833643819
4319,-20.8156552909
4320,17.0000288108
4321,56.0383463392
4322,-17.3284486509
4323,36.9531888077
4324,77.9494049847
4325,35.2099487242
4326,-21.6625026967
4327,39.2302418874
4328,-29.2590750212
4329,74.9406701535
4330,12.169008793
4331,20.8926553186
4332,31.4984445094
4333,-32.177864613
4334,11.7041051572
4335,50.6854590936
4336,-8.3665128035
4337,9.98362422814
4338,-1.50342605363
4339,-39.7340785663
4340,24.6232664672
4341,-85.7291398819
4342,-35.8712885395
4343,-76.7179662613
4344,-28.9044566366
4345,66.1209925559
4346,-37.2460817693
4347,16.8316435953
4348,-18.5651940824
4349,-16.3609703879
4350,25.5953385031
4351,41.1260560311
4352,46.0862967831
4353,-29.4559084457
4354,-32.4722279676
4355,-72.981569298
4356,23.5421324578
4357,-49.1138576473
4358,92.588260623
4359,-9.82429269086
4360,-32.6501483682
4361,12.7094905548
4362,71.8355757004
4363,22.777868778
4364,-81.1706868797
4365,18.24442505
4366,24.2265596755
4367,-7.98554568304
4368,84.3514658423
4369,87.1252629405
4370,-17.2805680661
4371,38.1795345377
4372,-1.73570755428
4373,24.5717406485
4374,-0.0948224044247
4375,16.8836610561
4376,39.2394274512
4377,2.72279446794
4378,-78.6100184438
4379,-24.171014832
4380,-8.22550554933
4381,-83.8335043576
4382,15.2076400634
4383,17.3471193415
4384,-55.4642964068
4385,71.898519718
4386,-6.22035944834
4387,56.1923656573
4388,-62.1524823165
4389,39.0978525336
4390,-33.3491247565
4391,-44.7895151568
4392,8.22710514844
4393,-46.272096901
4394,0.190332965243
4395,24.6015224365
4396,37.8155991723
4397,61.1487248196
4398,40.3986137222
4399,-8.27088355592
4400,-24.9742966205
4401,20.957152039
4402,-62.4307539527
4403,73.3252555313
4404,19.0616033989
4405,-17.3090546655
4406,17.6211983913
4407,-8.3924302529
4408,-6.13551757172
4409,-1.77535429752
4410,-37.5556310888
4411,17.5215140605
4412,30.1091345355
4413,28.6302030841
4414,-37.7337760275
4415,17.1621721393
4416,60.405643275
4417,-36.4701422761
4418,50.7161796158
4419,-24.8558912987
4420,58.7147866139
4421,1.1119810445
4422,20.0248318956
4423,41.8883578605
4424,-23.0307360048
4425,-21.4490563704
4426,45.4575326926
4427,-36.4898056994
4428,30.2709444826
4429,6.0736961596
4430,-72.9901608913
4431,6.58663734002
4432,63.0611160264
4433,4.8113742687
4434,-24.4528710769
4435,70.7214477385
4436,5.55573735311
4437,-5.42915743386
4438,-46.8086165423
4439,3.53532879845
4440,-16.7561936342
4441,-29.1519467636
4442,2.40796988342
4443,37.3192644395
4444,5.20591639392
4445,-5.62920321204
4446,93.2467277403
4447,-36.4621286302
4448,-5.15511732683
4449,-55.0830005149
4450,41.1893402767
4451,-15.4995563143
4452,-24.4764702472
4453,42.5225783118
4454,23.7176824653
4455,46.0234286516
4456,6.36812991952
4457,-50.5335189926
4458,-47.8518173218
4459,44.1813826063
4460,78.2343536309
4461,-62.879593472
4462,41.1512660951
4463,-24.7653223543
4464,59.1379644347
4465,37.2662826159
4466,-14.1999291579
4467,-9.55745959538
4468,-15.0588684749
4469,2.82320574713
4470,-17.4378593907
4471,3.18446282737
4472,-14.4420209959
4473,35.9484375413
4474,24.973348308
4475,-70.0749587194
4476,32.8105767252
4477,-41.8134414495
4478,-54.574365503
4479,14.1592877084
4480,13.0498777699
4481,19.4356127255
4482,43.0575508488
4483,22.4749443409
4484,-21.8025257883
4485,13.5701417135
4486,87.7808161626
4487,-23.3202546867
4488,49.0741231617
4489,6.82545368285
4490,45.3353948939
4491,63.8930062159
4492,36.58009505
4493,31.8510683587
4494,-43.2622530474
4495,0.933392739525
4496,63.5055537742
4497,10.3509885648
4498,23.9462796274
4499,-56.3307852605
4500,2.69952669302
4501,-10.0715218333
4502,-41.9498171327
4503,-12.6288927565
4504,-52.1967985264
4505,-51.0641680749
4506,31.9781856134
4507,-72.7142502872
4508,31.5489670565
4509,-31.6119387117
4510,54.1109193
4511,-14.2329565398
4512,72.4871648436
4513,-25.7196726026
4514,28.1239565177
4515,18.2629741208
4516,-15.0940257772
4517,-2.43642897359
4518,46.8203611855
4519,3.25994788262
4520,7.39556840991
4521,-32.9878266806
4522,73.2014445117
4523,-52.755256412
4524,-54.8651970755
4525,22.2359961482
4526,-46.5428736122
4527,-41.492416603
4528,-87.2453013764
4529,-36.0948346704
4530,25.1786181215
4531,39.1353250795
4532,37.3749678405
4533,-22.5596735438
4534,-6.05300484293
4535,64.9840933443
4536,46.7639496582
4537,-3.44397635205
4538,-5.99809296761
4539,29.1626099732
4540,-9.25687327972
4541,-13.0004633145
4542,-15.8268050856
4543,26.4619018892
4544,3.41738845102
4545,-70.0481362716
4546,18.176402728
4547,57.6350396691
4548,2.53895595843
4549,-60.0785260045
4550,10.9161497475
4551,37.9082937412
4552,-8.81894819265
4553,19.1736422841
4554,21.5485959673
4555,23.2998099052
4556,-26.2429295512
4557,19.4521111721
4558,37.2380117444
4559,15.7232310142
4560,25.010355153
4561,-36.5841795114
4562,-21.14479415
4563,35.4393218133
4564,16.3317822301
4565,4.67168640949
4566,-53.206032103
4567,-38.1421383849
4568,15.8525648211
4569,47.2443937684
4570,15.1838282062
4571,14.0884192938
4572,-27.7664971107
4573,73.0249705283
4574,31.519164093
4575,73.4144138587
4576,5.41987849194
4577,-21.4152938304
4578,-38.8942240957
4579,-83.1899679506
4580,-46.9920265192
4581,13.9305596982
4582,33.649681805
4583,65.13164423
4584,38.722474611
4585,-86.1287278877
4586,-77.743873138
4587,-10.3025541315
4588,12.9427967956
4589,66.4353605022
4590,32.8420099937
4591,-73.4031673222
4592,9.87863938272
4593,-41.922565443
4594,36.5360299504
4595,24.18035689
4596,-17.4878008014
4597,-19.2948440768
4598,-52.2930865578
4599,13.8052948649
4600,34.7158441319
4601,-13.3133678992
4602,8.58670343111
4603,4.55946031047
4604,38.3076099221
4605,25.7432823123
4606,33.6176079591
4607,41.4321486914
4608,-39.9727975842
4609,-61.0864115743
4610,96.252741467
4611,56.8785117251
4612,41.3997760498
4613,35.9331149143
4614,54.085376371
4615,59.9942613317
4616,-45.4406612153
4617,-49.7138821636
4618,12.4254628199
4619,70.7361951337
4620,-62.1920032109
4621,43.3684065187
4622,4.54322064283
4623,10.3451908889
4624,-44.5902669441
4625,-1.06477843812
4626,-12.5068438669
4627,-93.7026385695
4628,9.92482948459
4629,30.3507199468
4630,60.5461509421
4631,-0.608497380157
4632,-35.3524278482
4633,-16.4887762166
4634,-34.289418115
4635,-61.9831253644
4636,36.3937170295
4637,-72.4900764086
4638,41.211784688
4639,0.135518664727
4640,21.6216874401
4641,-30.230754487
4642,20.3580564554
4643,-21.1101830395
4644,-31.0926112201
4645,-29.7123864256
4646,21.6570914445
4647,5.88733130687
4648,11.3663540636
4649,-66.6026167434
4650,106.435829552
4651,-74.7488667844
4652,-12.5201935778
4653,23.6745513696
4654,12.5408803412
4655,0.659483720845
4656,-38.7739137069
4657,19.9182227627
4658,-22.5520118826
4659,-19.7308974516
4660,44.7751808263
4661,40.7153859788
4662,-62.1627909455
4663,45.6011092017
4664,55.9235399719
4665,60.9266368501
4666,46.3982895016
4667,11.2627870078
4668,27.1660328387
4669,48.93320021
4670,-100.96215212
4671,10.0525053346
4672,-31.0787358723
4673,60.1855347798
4674,23.8014242255
4675,-47.8172844433
4676,-12.6737726475
4677,79.1190020698
4678,2.0014879157
4679,26.3063799001
4680,56.6577562803
4681,-22.9167073246
4682,-3.24547820686
4683,40.8382783593
4684,7.53665579628
4685,17.8949647781
4686,16.495726347
4687,24.1561680725
4688,-19.7560019645
4689,7.62977929601
4690,23.0249560947
4691,93.1299675672
4692,50.6396827973
4693,-40.8175098647
4694,24.8043784312
4695,-35.8218116734
4696,-28.6996106465
4697,-72.8884539418
4698,-8.49345218853
4699,-16.20130938
4700,26.2797304215
4701,-29.258676981
4702,2.09429021662
4703,91.6193511784
4704,-27.8998240523
4705,-39.1582483157
4706,16.884068303
4707,36.9272667253
4708,-91.4103817044
4709,-4.98255590136
4710,-38.3334188665
4711,-85.5596280153
4712,-1.96525416231
4713,-4.61161404451
4714,-29.2613121189
4715,35.5590668254
4716,59.4962084537
4717,-9.8028319185
4718,-1.28825908491
4719,-32.6807083985
4720,38.1752977063
4721,-35.3441581119
4722,-34.4564349275
4723,-1.55921771541
4724,45.9386755444
4725,6.12441276649
4726,37.7600596392
4727,-13.8992030254
4728,21.9223878421
4729,-4.48427206581
4730,70.1286975392
4731,-17.2231618222
4732,31.6522894937
4733,-6.04658944064
4734,-86.6524722591
4735,16.1942818038
4736,64.4082321699
4737,21.9134361213
4738,19.6253435644
4739,-2.11819837254
4740,63.7881816589
4741,-27.8173857578
4742,-46.1359327635
4743,-8.50419134904
4744,39.2157681693
4745,22.1693180643
4746,-56.305337219
4747,104.129737628
4748,0.82051200714
4749,-59.8709548513
4750,-17.7091305568
4751,-17.1566962139
4752,-14.543852646
4753,-7.92658807224
4754,-7.13338214899
4755,-15.4204318024
4756,-28.888218376
4757,-31.4982423128
4758,-26.5493601503
4759,-82.1376796708
4760,18.7069919384
4761,-7.88680129669
4762,6.47654944795
4763,10.1541611915
4764,-3.21841176279
4765,22.923828918
4766,19.3824126435
4767,47.1402072295
4768,17.411880009
4769,64.1846082671
4770,15.8096587449
4771,8.26239352121
4772,54.2918696812
4773,27.4877931327
4774,6.23561787505
4775,28.6403317519
4776,31.0481607616
4777,-18.8652405851
4778,-60.5372516745
4779,8.25097007479
4780,-27.7202471185
4781,-7.13060671401
4782,10.9818441139
4783,-18.364020265
4784,-92.276384906
4785,50.0584447262
4786,44.1204913899
4787,30.992718908
4788,-88.7932676049
4789,-22.8276151776
4790,3.90536671418
4791,8.14773562916
4792,-6.86005024807
4793,10.6435908349
4794,-54.7452291143
4795,41.4360865639
4796,9.48490852813
4797,31.5045780305
4798,56.6810833671
4799,-55.2783794948
4800,-43.4464491283
4801,64.8150614144
4802,87.3860110838
4803,4.96551000662
4804,-39.1360651649
4805,-0.295771682352
4806,-33.6020420005
4807,6.85765955079
4808,-24.0946813027
4809,-79.181581134
4810,8.74834087998
4811,-27.5755158111
4812,-63.5588353163
4813,68.6055794094
4814,23.6575363921
4815,39.169365821
4816,-7.82662985378
4817,-24.6918648907
4818,7.52559731271
4819,-39.0049664223
4820,47.1130871061
4821,18.012401348
4822,8.62494293304
4823,82.0754744905
4824,-9.00848894424
4825,33.0762441316
4826,-73.0127793045
4827,-32.2292958477
4828,60.9968761273
4829,-11.1321143232
4830,85.4908612219
4831,-33.9443385671
4832,-7.30715817936
4833,36.854519566
4834,-14.1476266511
4835,44.0256731302
4836,-8.00666565358
4837,88.774302071
4838,14.2800061683
4839,37.5938407447
4840,-7.03623431033
4841,14.9387416042
4842,21.2103825438
4843,2.65065732448
4844,-4.03698350364
4845,77.6221863797
4846,47.8565903375
4847,-36.827953233
4848,88.8568599176
4849,7.47212233031
4850,28.6238560737
4851,19.4978436604
4852,-0.814024743035
4853,-6.42735382948
4854,2.29914215288
4855,-28.3441274389
4856,67.9393200065
4857,26.6197666869
4858,-20.698219615
4859,-66.7971530806
4860,51.8632263379
4861,-73.9436902073
4862,7.90705808428
4863,36.7193279558
4864,-5.14932799071
4865,58.8342166436
4866,3.389273097
4867,45.3580716806
4868,-12.378169984
4869,-11.1838199518
4870,-38.9210826352
4871,29.8693307337
4872,41.7294322876
4873,3.99269277972
4874,28.3075114702
4875,-73.9038331595
4876,28.7980193064
4877,-1.81569333336
4878,-88.9154909834
4879,33.2361411063
4880,-35.9553424658
4881,67.1296243203
4882,28.0385084773
4883,-13.2562887979
4884,-64.3830772936
4885,-37.0133911762
4886,18.0301535928
4887,-55.7529696131
4888,57.780302809
4889,47.3765612053
4890,44.1729342428
4891,-38.6741895137
4892,17.8901227308
4893,62.0257116732
4894,10.6377063528
4895,60.4723766858
4896,-36.1057317895
4897,-56.5309887123
4898,5.98329045252
4899,12.4569941707
4900,-36.9547786988
4901,13.0167283102
4902,53.8381402715
4903,37.4636082601
4904,46.3959711905
4905,-59.5159099794
4906,51.3021410293
4907,3.31730965785
4908,-14.2709823899
4909,48.4119837634
4910,65.1709480341
4911,-77.3256196327
4912,22.2860446081
4913,46.4956936659
4914,-24.1666185225
4915,13.1527899026
4916,-36.4792017613
4917,18.8810548196
4918,-72.6839019768
4919,11.732534858
4920,-0.506960045024
4921,-43.5490764615
4922,-19.7576977739
4923,-68.8695954863
4924,9.07816481304
4925,31.1582622924
4926,42.9636661125
4927,-20.7645660867
4928,83.2765968034
4929,-30.3410681549
4930,-56.9124716758
4931,-8.87102964979
4932,110.963692619
4933,-26.9846530135
4934,-24.0393574427
4935,-4.74645695437
4936,-0.948473610999
4937,-26.5657655065
4938,11.0083049519
4939,-26.7741782528
4940,-43.6456587954
4941,40.0295805818
4942,-5.43457846019
4943,-55.4321463299
4944,-36.7016264366
4945,12.7310543001
4946,-5.76174407248
4947,-53.8432613654
4948,13.5097718504
4949,55.9027255435
4950,9.24617920235
4951,-0.049083549482
4952,-69.43500566
4953,2.72056935439
4954,0.594115411893
4955,-70.3521484028
4956,-10.745837823
4957,-14.3497060375
4958,5.94776767189
4959,-19.1900351105
4960,-42.9343673152
4961,15.3962459654
4962,22.7667688283
4963,72.6321831524
4964,-30.4898084585
4965,29.0517051308
4966,0.220718099575
4967,-0.387411751412
4968,13.1443271525
4969,-35.178158974
4970,8.89297019724
4971,-50.6380554047
4972,24.3809180282
4973,-34.6668217977
4974,-28.4626499421
4975,1.09016327557
4976,-84.9844670552
4977,-32.4879913164
4978,10.658498324
4979,-66.6353222741
4980,59.9203921344
4981,10.9425002518
4982,66.1388606641
4983,29.7854923748
4984,-78.4933461502
4985,27.3915215638
4986,23.5156591752
4987,-39.7160498915
4988,37.8378459397
4989,4.14653912589
4990,21.0573762745
4991,-87.0162772775
4992,-41.0007527383
4993,-11.9549334961
4994,-32.4053799132
4995,-2.84289374278
4996,73.7907698946
4997,-6.95391440521
4998,-60.3895786858
4999,-37.7723859177
